id,domain,status,purchase_price,renewal_price,attractiveness,demand,length,registrar,created_at,expires_at,status_verified_at
aa77b268-f239-469a-a03e-d5a9bcfc28a8,terrific.photos,available,15.99,29.99,high,low,8,namesilo,,,25/09/2026 00:17
d2678fb2-516f-4b0e-b168-ace2757e77e9,bluntly.photos,available,8.98,40.98,medium,low,7,namecheap,,,14/09/2026 00:39
3f9673bf-5e24-400b-bcab-b12595f309c2,sells.photos,available,15.99,29.99,high,low,5,namesilo,,,28/09/2026 03:41
957a7550-6296-4cf0-b2fd-f579873cc834,macquarie.photos,available,23.2,23.2,high,low,9,cloudflare,,,29/09/2026 09:16
7d58c2fa-658b-44b4-863f-01899caedc80,intimal.photos,available,8.98,40.98,medium,low,7,namecheap,,,22/08/2026 08:28
2a8c63db-f03c-485c-bf22-6b200621b909,aachen.photos,available,8.98,40.98,medium,low,6,namecheap,,,16/09/2026 13:08
4669ea68-72ba-481e-9321-042c599b96d3,loyola.photos,available,15.99,29.99,medium,low,6,namesilo,,,25/09/2026 07:44
d61cd9fd-9788-4a1f-ba2d-5469ddbe3689,buses.photos,available,8.98,40.98,medium,low,5,namecheap,,,18/09/2026 13:34
7e6ae628-1b83-45e4-9dc1-d0126e91e5ce,cauterize.photos,available,8.98,40.98,medium,low,9,namecheap,,,11/08/2026 14:34
e79eee93-4b34-49e8-8c82-979dc2619634,heights.photos,available,7.96,24.01,high,low,7,spaceship,,,27/09/2026 13:59
ca6ac75c-04df-4741-a0e4-dc2529144a6f,misguided.photos,available,8.98,40.98,medium,low,9,namecheap,,,21/08/2026 18:57
ca774b45-53d9-48db-b691-db2b38e27171,antimony.photos,available,15.99,29.99,medium,low,8,namesilo,,,19/09/2026 14:45
07dfe5da-efcb-43ef-80bf-02f925659532,accumulation.photos,available,15.99,29.99,high,low,12,namesilo,,,30/09/2026 22:26
29fd0ad4-1c4d-4abc-b4ec-2935de840815,supervillains.photos,available,15.99,29.99,low,low,13,namesilo,,,21/09/2026 05:46
826cca8c-3212-415f-afcf-bf3a228a3d6d,themself.photos,available,14.99,,medium,low,8,name.com,,,
c5e50552-bf04-4811-af6a-7c9f32ad3930,pretzel.photos,available,15,,high,low,7,unstoppable,,,30/09/2026 07:15
396d2710-3f7a-4e07-b97f-8ecd106123ec,gracie.photos,available,8.98,40.98,high,low,6,namecheap,,,18/09/2026 10:48
e790ccd6-d0c5-4a46-b4af-a8825b2f0b98,assets.photos,available,15.99,29.99,high,low,6,namesilo,,,20/09/2026 16:21
0667a4c9-0fb1-402b-a3c2-38a37ca20030,authorities.photos,available,15.99,29.99,medium,low,11,namesilo,,,27/09/2026 02:17
f232b68b-8a9b-4546-94b9-f8cf3d105b7a,domination.photos,available,8.98,40.98,high,low,10,namecheap,,,24/09/2026 23:26
e01a42a7-8fb9-4ea7-982a-7b70131f52cf,renowned.photos,available,8.98,40.98,high,low,8,namecheap,,,11/08/2026 23:18
ae562c18-d0f2-429e-86c3-7825de8116e2,polar.photos,resell,,,high,low,5,"GoDaddy.com, LLC",02/12/2024 15:28,02/12/2026 15:28,26/09/2026 08:14
98229c87-0010-4133-97af-ae6b014c2d45,bedpan.photos,available,15.99,29.99,medium,low,6,namesilo,,,22/09/2026 23:28
af21ff13-b758-46da-aaf6-e75b573a43e6,immaculate.photos,available,8.98,40.98,high,low,10,namecheap,,,18/08/2026 00:07
a31531c3-e4d5-4b30-a468-00b135143931,overload.photos,available,7.96,24.01,high,low,8,spaceship,,,29/09/2026 13:38
ebbc5907-7bbe-4b01-b996-97376ac9c473,considerably.photos,available,8.98,40.98,medium,low,12,namecheap,,,29/09/2026 14:23
6855b993-d4b6-4a3c-8d48-d47d5dd38c43,flamboyant.photos,available,15.99,29.99,high,low,10,namesilo,,,22/09/2026 12:57
c9292a87-4570-49a9-b66c-2c989fc8b612,compatibility.photos,available,15,,high,low,13,unstoppable,,,30/09/2026 06:20
eafa27c7-e958-402a-a13c-2350e4627559,helium.photos,available,15.99,29.99,high,low,6,namesilo,,,20/09/2026 22:31
ca147c64-b41f-4948-b954-94e54d41a79a,threaded.photos,available,8.98,40.98,high,low,8,namecheap,,,11/09/2026 14:12
97995776-6472-438b-afe5-b8b6cc6589e7,lxxxi.photos,available,8.98,40.98,medium,low,5,namecheap,,,
53baa486-f38c-4aec-be6a-1d911e5f3c39,banjo.photos,available,15.99,29.99,high,low,5,namesilo,,,22/09/2026 02:11
a40c646a-574a-45b7-8a41-3e7e5d0f855c,notices.photos,available,15.99,29.99,medium,low,7,namesilo,,,20/09/2026 07:18
6099f7c2-935e-4be3-b4cd-a890b6de2e1a,farley.photos,available,8.98,40.98,medium,low,6,namecheap,,,30/09/2026 13:41
8b0bfa47-8ab5-4017-af16-6aeff0205e92,grazing.photos,available,15.99,29.99,medium,low,7,namesilo,,,29/09/2026 01:08
23ea5129-9680-4999-9948-5d8862c05037,correlation.photos,available,23.2,23.2,high,low,11,cloudflare,,,30/09/2026 22:57
ab1e1429-c5ea-422d-8840-27187d9c3c50,additive.photos,available,8.98,40.98,high,low,8,namecheap,,,
2b7c2dc9-ee3c-4765-b693-69148e2b3f12,daytime.photos,available,8.24,24.2,high,low,7,porkbun,,,29/09/2026 13:18
03a9b34e-25ed-4e21-a824-8b54557d0ab7,perchance.photos,available,8.98,40.98,medium,low,9,namecheap,,,14/09/2026 02:12
313afe00-8ced-48c9-a290-54514901530c,spiraea.photos,available,15.99,29.99,medium,low,7,namesilo,,,20/09/2026 17:28
04c172d1-2ea8-4070-a4dd-08c89ebb5e8c,pneumatic.photos,available,8.98,40.98,high,low,9,namecheap,,,08/09/2026 22:06
8206d151-579a-435d-8469-b556adf807e2,impetuous.photos,available,8.98,40.98,medium,low,9,namecheap,,,11/08/2026 01:36
30a6bedd-2aa0-4c70-a907-8c21f88d1870,modernized.photos,available,15.99,29.99,high,low,10,namesilo,,,19/09/2026 17:17
54980150-2c17-49d6-9577-ff9a2ec14ee4,squishy.photos,available,8.98,40.98,medium,low,7,namecheap,,,10/09/2026 16:26
2acebb94-b8df-495c-a43a-c85018031bfb,aqaba.photos,available,15.99,29.99,medium,low,5,namesilo,,,17/09/2026 23:49
074fd8ec-55ca-43fc-8901-e2c6d3a8b5a8,casablanca.photos,premium,38.94,38.94,high,low,10,namesilo,,,30/09/2026 01:00
fbf6f986-e235-4db7-a0f0-770cedd3d381,unspaced.photos,available,8.98,40.98,medium,low,8,namecheap,,,12/09/2026 20:24
802d2a9e-f082-4f2c-9606-9a50b7bd0767,mansion.photos,premium,,,high,low,7,,,,28/09/2026 06:20
5d107d12-0fe7-4439-91ff-3ddc2e3e0904,attache.photos,available,15.99,29.99,high,low,7,namesilo,,,21/09/2026 01:04
7752f66a-32b2-4123-9c99-6410829c45c5,presumably.photos,available,8.98,40.98,medium,low,10,namecheap,,,15/09/2026 21:20
c486bb4a-bb8e-4530-80ab-4214a38691fd,council.photos,available,14.99,35.99,high,low,7,name.com,,,24/09/2026 18:38
fbbac00d-2caa-4093-a261-de93dba1597e,ramsons.photos,available,15.99,29.99,medium,low,7,namesilo,,,18/09/2026 11:34
cdfbb35c-3715-4430-a8b2-1b0e0a394d5f,eudaemonic.photos,available,8.98,40.98,medium,low,10,namecheap,,,17/08/2026 14:10
17597ef6-505f-4375-b310-a2fc1b0fd5f5,tranquil.photos,available,8.98,40.98,high,low,8,namecheap,,,11/08/2026 14:53
746a27f4-fcdc-4ea6-83c3-1cacd74e34c3,rif.photos,available,8.24,24.2,medium,low,3,porkbun,,,30/09/2026 19:40
67c5b7e0-5a82-4ecf-b943-c9211cfd1f6d,guiltless.photos,available,8.98,40.98,high,low,9,namecheap,,,12/08/2026 10:18
4f722450-2b05-4f8d-ba54-b7ebc7911523,medici.photos,available,15.99,29.99,high,low,6,namesilo,,,25/09/2026 23:33
bef166e0-118f-417b-a56e-07a9e825b354,antiquity.photos,available,15.99,29.99,medium,low,9,namesilo,,,19/09/2026 03:50
2e8df559-6c32-487e-90dd-a9ba0e9b4cbb,finish.photos,available,8.98,40.98,high,low,6,namecheap,,,08/09/2026 15:33
a38f1f45-ae5d-4238-9925-851a4ac41709,agree.photos,available,23.2,23.2,high,low,5,cloudflare,,,28/09/2026 17:26
1e359c4c-a440-47d2-a00e-f158d20f7835,lover.photos,premium,23.6,23.6,high,low,5,namesilo,,,23/09/2026 10:15
3bee9e8d-99eb-4bc5-9098-516e25184bc2,standby.photos,available,8.98,40.98,high,low,8,namecheap,,,10/09/2026 18:37
c4baf523-d499-44af-97c7-dc308d1182df,bioko.photos,available,8.98,40.98,medium,low,5,namecheap,,,23/09/2026 18:17
2021572c-f74b-4795-86eb-06a2a6597af2,liberate.photos,available,8.98,40.98,high,low,8,namecheap,,,18/08/2026 14:32
70530fe1-f854-4253-a7b8-b56b4be3e1d6,composting.photos,available,8.24,24.83,high,low,10,dynadot,,,01/10/2026 00:25
71eaf0cb-9bea-407b-9534-19956fad830d,travelling.photos,available,7.96,24.01,high,low,10,spaceship,,,30/09/2026 13:50
50964aab-7530-4b73-86ea-8272b2fbe310,laboring.photos,available,8.98,40.98,medium,low,8,namecheap,,,14/08/2026 19:56
82a3464a-a45d-47c1-8c4e-b9de8f3f0f84,ellery.photos,available,15.99,29.99,medium,low,6,namesilo,,,30/09/2026 13:23
8350efee-9610-4063-9540-19b9c0942d8f,service.photos,resell,,,high,medium,7,Dynadot Inc,17/02/2026 17:00,17/02/2027 17:00,01/10/2026 05:32
73623a4e-6c98-4b85-b7ad-51d70af1c1fe,pronghorn.photos,available,8.98,40.98,medium,low,9,namecheap,,,18/09/2026 19:07
194f2df3-22be-4bf5-bdbb-72027834eb9e,gestures.photos,available,7.96,24.01,medium,low,8,spaceship,,,30/09/2026 00:19
c3cb59b8-4867-4176-a058-0710cdd7aeb4,belling.photos,available,15.99,29.99,medium,low,7,namesilo,,,23/09/2026 06:11
b81fad60-c43e-4028-9d43-a02d4b3e2426,withholding.photos,available,7.96,24.01,medium,low,11,spaceship,,,30/09/2026 06:21
2b781b53-1aa8-45b8-b703-98aafc2374fb,magnitude.photos,available,15.99,29.99,high,low,9,namesilo,,,29/09/2026 01:37
bcb8bdf7-7658-4221-8230-def5371e7fac,caspar.photos,available,15,,medium,low,6,unstoppable,,,29/09/2026 06:16
dd9aebd9-5d57-47a9-8513-9b3592906b79,totipotent.photos,available,8.98,40.98,medium,low,10,namecheap,,,11/09/2026 18:12
9cc29bb9-ebe2-4c81-a683-55133a8fb402,lengthwise.photos,available,8.98,40.98,medium,low,10,namecheap,,,22/08/2026 23:38
9639490d-b534-4977-a5ec-2bfb70b28ff0,affray.photos,available,15.99,29.99,medium,low,6,namesilo,,,17/09/2026 14:43
21abd30d-22f9-4cc8-96e1-9f99cb0344e1,drifter.photos,available,8.98,40.98,medium,low,7,namecheap,,,13/09/2026 00:50
457f4244-cb16-44b2-b8d4-e63935525d5a,lindsay.photos,premium,20.5,23.6,high,low,7,unstoppable,,,29/09/2026 23:06
278c6603-d564-47a9-84f5-1ec54cc5dff8,workplace.photos,available,15.99,29.99,high,low,9,namesilo,,,29/09/2026 02:38
cce9d71d-fb79-4a42-b0ea-ec6815078482,susannah.photos,available,23.2,23.2,medium,low,8,cloudflare,,,29/09/2026 04:06
da503d17-2b8d-42d5-91a4-cfcdcf695039,alienor.photos,available,8.98,40.98,medium,low,7,namecheap,,,18/09/2026 07:41
4ff1d44b-9988-441d-96fe-385de72e1525,operates.photos,available,8.24,24.83,medium,low,8,dynadot,,,29/09/2026 10:32
934e9e65-fac1-4ed6-afb6-ecd8001a2420,glassless.photos,available,8.98,40.98,medium,low,9,namecheap,,,20/08/2026 14:11
1ca60211-e3f9-4f8f-88b3-f16757863683,bayat.photos,available,8.98,40.98,medium,low,5,namecheap,,,22/09/2026 17:57
338cf744-9f7b-4ad2-92cd-d4003438c3e1,hotel.photos,resell,,,high,medium,5,Porkbun LLC,01/04/2026 17:33,01/04/2027 17:33,29/09/2026 23:01
355e4bf0-dfaf-4575-b2e0-1679bf8d2051,stewart.photos,premium,22,22.99,high,low,7,dynadot,,,29/09/2026 17:05
bcb6fba0-dedb-4d3f-b435-6694e2467384,hotfoot.photos,available,8.98,40.98,high,low,7,namecheap,,,09/09/2026 19:44
79829888-35f0-4d17-89bd-af26d9595f9d,taxonomy.photos,available,7.96,24.01,high,low,8,spaceship,,,30/09/2026 03:01
ae0fd437-8a4e-48ca-8acf-5aea979e57a9,investigate.photos,available,15.99,29.99,high,low,11,namesilo,,,26/09/2026 00:41
51c118f8-069e-48a8-b601-813b371d3cfd,trusted.photos,resell,,,high,medium,7,"Global Domains International, Inc. DBA DomainCostClub.com",08/06/2015 10:49,08/06/2027 10:49,28/09/2026 08:06
c49cd94b-ad01-435c-84be-ec2bc8bdd0ab,mich.photos,available,15.99,29.99,high,low,4,namesilo,,,29/09/2026 14:29
30225e30-cf30-41b5-a6cc-2940dc72a6f8,aruru.photos,available,15.99,29.99,medium,low,5,namesilo,,,20/09/2026 12:26
8547e8d5-9052-41fb-9c95-830c2a9c61c6,knitted.photos,available,8.98,40.98,medium,low,7,namecheap,,,22/08/2026 16:27
ccf010d5-28a8-409f-9136-5a86b3b52b53,outskirts.photos,available,8.24,24.2,high,low,9,porkbun,,,29/09/2026 19:53
befa876f-211e-4edb-bfac-80f71e6254fa,chalkboard.photos,available,15.99,29.99,high,low,10,namesilo,,,24/09/2026 02:10
77b1be78-a6a7-46ed-9767-eca9e24ac44b,uneventful.photos,available,8.98,40.98,medium,low,10,namecheap,,,12/09/2026 09:21
4442fe63-8e61-43fa-8340-4f6d70454cdc,beaut.photos,available,15.99,29.99,high,low,5,namesilo,,,22/09/2026 22:16
5e2386d0-5769-40ea-a667-445612864e63,voiceless.photos,available,8.98,40.98,medium,low,9,namecheap,,,05/08/2026 23:23
770e0e59-8c64-4b8b-b16a-38de98850909,nauvoo.photos,available,7.96,24.01,medium,low,6,spaceship,,,30/09/2026 22:26
702a8e7c-42f1-45c3-97c3-475d29e2c8ea,ordinate.photos,available,8.98,40.98,high,low,8,namecheap,,,12/08/2026 22:29
1fe35f27-7360-4ddd-bc76-cb7f38ee0181,hardly.photos,available,7.96,24.01,high,low,6,spaceship,,,27/09/2026 18:23
080bd069-a904-462d-b1aa-ca391d525300,greensboro.photos,premium,23.6,23.6,high,low,10,namesilo,,,27/09/2026 04:17
057adb55-dca5-41b6-8185-fa9ad851fa0d,seminal.photos,available,8.98,40.98,high,low,7,namecheap,,,18/08/2026 22:51
ab405beb-3845-419e-97d2-726e8a32b3aa,sorbonne.photos,available,7.96,24.01,medium,low,8,spaceship,,,28/09/2026 20:07
04249a92-a483-4528-a693-f34ab5e35ba7,custer.photos,available,23.2,23.2,medium,low,6,cloudflare,,,28/09/2026 01:44
00947645-e426-472d-9171-62d6f595c7b2,fellowman.photos,available,15.99,29.99,medium,low,10,namesilo,,,21/09/2026 03:03
4fa55581-4030-4616-9f9a-c399537aeb2b,psychology.photos,available,7.96,24.01,high,low,10,spaceship,,,30/09/2026 08:50
4006bcbd-8daa-4895-99cb-ce818b034a10,aspiration.photos,available,15.99,29.99,high,low,10,namesilo,,,18/09/2026 16:53
1ef507a7-ccdd-480c-ae91-22aa1ad2e1df,tantrik.photos,available,8.98,40.98,medium,low,7,namecheap,,,11/09/2026 08:07
7a54c8db-c5c2-4890-8692-038302d4d12d,paine.photos,available,7.96,24.01,medium,low,5,spaceship,,,29/09/2026 13:38
bafa64cf-569b-4e93-93d8-cbc56294f743,uncertain.photos,available,8.98,40.98,high,low,9,namecheap,,,22/08/2026 01:07
87b0c2be-a4dd-455e-9acc-f59244b3a3bf,attendee.photos,available,15.99,29.99,high,low,8,namesilo,,,21/09/2026 01:26
56f5009c-e4f4-4c85-b9f3-67074b82323e,lxxxiv.photos,available,8.98,40.98,medium,low,6,namecheap,,,
935a662c-3424-4a1a-a709-7d54276d0689,rimed.photos,available,8.98,40.98,medium,low,5,namecheap,,,09/09/2026 17:39
e554bd97-8522-4148-925d-12c7ba2bc4cb,battered.photos,available,8.98,40.98,medium,low,8,namecheap,,,22/09/2026 18:12
d17fd87f-ae69-47e8-b58b-7e74cab5b70b,movable.photos,available,8.98,40.98,high,low,7,namecheap,,,25/08/2026 08:56
7a45d163-f3eb-4cfb-ab7f-821def2580e8,cease.photos,available,23.2,23.2,medium,low,5,cloudflare,,,27/09/2026 12:23
c108536e-b264-431d-9bf4-a8ee2ad9e7d0,backplate.photos,available,15.99,29.99,high,low,9,namesilo,,,21/09/2026 15:46
781a38c5-abd2-4370-bbda-cf9a1cda42ca,aten.photos,available,8.98,40.98,medium,low,4,namecheap,,,20/09/2026 20:04
5d3d80ea-8cde-4eda-9cf2-73974f18455a,enclosed.photos,available,8.98,40.98,high,low,8,namecheap,,,16/08/2026 22:21
466cac80-2834-4647-8b07-ebff6bfc8906,tin.photos,available,15.99,29.99,high,low,3,namesilo,,,28/09/2026 23:00
1447b779-ce28-42a1-863a-03fb33c4c598,misfortune.photos,available,15.99,29.99,medium,low,10,namesilo,,,21/09/2026 16:43
36ab8cb1-18b9-4495-9efd-4c2071ae8231,illumine.photos,available,8.98,40.98,high,low,8,namecheap,,,08/09/2026 04:54
7beb1f15-2beb-4d2a-89df-463d7d5e0e27,philippines.photos,available,,,high,high,11,,,,
9173d29f-3f8b-4705-b74a-2ad1c379ccaf,economic.photos,available,15.99,29.99,high,low,8,namesilo,,,24/09/2026 13:22
949ead4a-59ab-4968-b8eb-759cb639a498,admiralty.photos,available,15.99,29.99,medium,low,9,namesilo,,,17/09/2026 08:53
3d2670cf-9fa3-4b8b-a6f0-a26318cea18b,turner.photos,premium,23.6,23.6,high,low,6,namesilo,,,29/09/2026 00:58
1f414d1b-81ee-4fa3-8780-26735891c990,megabucks.photos,available,15.99,29.99,high,low,9,namesilo,,,23/09/2026 14:11
9340399c-f2b1-4626-aa57-a14acfbd37a9,nett.photos,available,8.98,40.98,medium,low,4,namecheap,,,03/09/2026 15:52
60bf8e63-d6e9-4a7a-b941-fa0f4b2de242,loquacious.photos,available,8.98,40.98,medium,low,10,namecheap,,,12/08/2026 03:22
c00893ba-c8fa-4f90-8750-fcccee946e8c,diploid.photos,available,8.98,40.98,medium,low,7,namecheap,,,14/08/2026 08:26
d132af73-57f8-46fd-8ed2-2c1950b569c7,morristown.photos,available,15,,medium,low,10,unstoppable,,,29/09/2026 01:41
b3183913-e60c-4443-8d6f-9ceb6b2915b0,pacifist.photos,available,8.98,40.98,high,low,8,namecheap,,,04/09/2026 22:35
68f08028-5aac-4a7e-b9fe-7bb30afafcde,anura.photos,available,8.98,40.98,medium,low,5,namecheap,,,19/09/2026 15:53
4836cc6d-d0ed-4457-b9ab-415059ff2a05,herzegovina.photos,available,15.99,29.99,medium,low,11,namesilo,,,27/09/2026 18:47
a3157919-3899-43d8-a176-61f9a4288c1f,distract.photos,available,8.24,24.83,high,low,8,dynadot,,,29/09/2026 16:05
88267772-2003-4266-8152-cc26f7f7939c,tenderly.photos,available,15.99,29.99,high,low,8,namesilo,,,16/09/2026 08:17
b89e4f20-0175-471a-8432-1e2ef9e5d6ba,depart.photos,available,23.2,23.2,high,low,6,cloudflare,,,28/09/2026 20:27
affc7d3b-98f5-4b1e-a759-e0436672617e,knocking.photos,available,8.98,40.98,high,low,8,namecheap,,,25/09/2026 08:51
b3cd3894-9e13-4eb2-b044-034993e2ef40,coffeeman.photos,available,14.99,,high,low,9,name.com,,,
f6996464-43b1-4ff4-9539-ca4e52384cf1,teary.photos,available,8.98,40.98,medium,low,5,namecheap,,,11/09/2026 09:50
a67653a8-c0f4-4b16-b7c4-039932d484a9,melodic.photos,available,8.98,40.98,high,low,7,namecheap,,,24/08/2026 19:41
b5c0f733-cd11-4546-af5c-83bfdeb1f965,cary.photos,premium,26,26,high,low,4,namecheap,,,25/09/2026 12:59
37c02d01-2ba4-42e6-8495-e34ac0823527,mismatched.photos,available,8.98,40.98,medium,low,10,namecheap,,,25/08/2026 01:36
a1fdbac5-48a2-4d86-a703-85033a572424,lgbt.photos,available,15,,high,low,4,unstoppable,,,28/09/2026 17:00
317a4a5a-4857-4c0b-b46a-4f190042e777,closing.photos,available,8.98,40.98,high,low,7,namecheap,,,08/09/2026 06:59
93e2a583-6485-4ee2-b731-4394b9e87408,trustworthy.photos,available,15.99,29.99,high,low,11,namesilo,,,30/09/2026 05:50
69bc8d73-69e2-4750-8a1a-656780ae191f,chelate.photos,available,8.98,40.98,medium,low,7,namecheap,,,12/08/2026 04:03
ce79aa9f-d728-42d2-bb50-1747b481e172,sculpted.photos,available,8.98,40.98,high,low,8,namecheap,,,20/08/2026 18:50
88a1107b-a474-40b8-ac84-16e46d37828b,chiefly.photos,available,8.98,40.98,high,low,7,namecheap,,,25/09/2026 05:59
224ff0a1-4c62-472c-90ee-3fbb2a09dcd5,interbrain.photos,available,15.99,29.99,medium,low,10,namesilo,,,23/09/2026 11:55
293638c9-64f8-4eff-99bd-83b25182c8f7,populace.photos,available,8.98,40.98,high,low,8,namecheap,,,09/09/2026 05:22
93f30847-b7ab-458f-b701-5184e465f760,tutorial.photos,premium,260,260,high,low,8,namecheap,,,11/09/2026 21:31
e4d64857-9692-49c9-8ba9-a12f9eecbb63,nonetheless.photos,available,15.99,29.99,medium,low,11,namesilo,,,29/09/2026 10:11
5216d3cf-7cc6-45e4-ae8c-bb5bad6dd928,fodder.photos,available,14.99,35.99,medium,low,6,name.com,,,24/09/2026 12:05
fc8a9c09-d25a-4322-8e2b-e6cb703fd3ae,tenanted.photos,available,8.98,40.98,medium,low,8,namecheap,,,11/09/2026 11:09
b691295d-0a0c-4132-8c37-a48c9e822398,abroach.photos,available,8.98,40.98,medium,low,7,namecheap,,,
82236a65-680c-48fb-8bb4-30c503510a0e,glinting.photos,available,8.98,40.98,medium,low,8,namecheap,,,
bde749c5-6af2-4671-beda-72553fc8f916,drab.photos,available,8.98,40.98,medium,low,4,namecheap,,,14/08/2026 11:43
fd24d118-2e90-49cf-8560-f05cc1fac3e7,antiacid.photos,available,8.98,40.98,medium,low,8,namecheap,,,22/09/2026 05:47
dcc8d80b-6a11-4400-97b4-5d7945230e84,spoil.photos,available,8.98,40.98,high,low,5,namecheap,,,09/09/2026 08:16
02af3011-c3a5-431c-abe5-dd3fcb5f8cd8,sportsperson.photos,available,15.99,29.99,high,low,12,namesilo,,,16/09/2026 08:58
f9b6e329-4150-4156-8360-7ee42e5ddab4,dupe.photos,available,8.98,40.98,medium,low,4,namecheap,,,12/08/2026 15:10
e79b720e-b100-49c6-9f67-fb1e788cbef9,piano.photos,premium,23.6,23.6,high,low,5,namesilo,,,27/09/2026 03:41
493bccbb-334d-4ebd-af05-3278679e5266,regression.photos,available,15.99,29.99,high,low,10,namesilo,,,20/09/2026 09:08
4f2ec6fc-d4ca-40e3-97c7-043a64046cc9,acerola.photos,available,15.99,29.99,medium,low,7,namesilo,,,16/09/2026 23:42
35ef604c-d3dd-4085-b608-2af6c7e727c4,unspent.photos,available,8.98,40.98,medium,low,7,namecheap,,,12/09/2026 09:36
c9578d27-3d98-4e4f-ae9d-a683df8eaa40,choir.photos,available,15.99,29.99,high,low,5,namesilo,,,29/09/2026 08:52
c00bf3a0-44a8-4b2f-b580-996b3d1fe145,agrologic.photos,available,8.98,40.98,medium,low,9,namecheap,,,
10a56ed4-41c4-489a-9b32-d41dd757c195,sweetener.photos,available,15.99,29.99,high,low,9,namesilo,,,21/09/2026 19:45
bf7e80bb-18dc-4783-9c47-a88c507eac22,rather.photos,available,15,,medium,low,6,unstoppable,,,28/09/2026 15:59
f0843903-57b3-4ff1-a7d0-1add13038c02,heroin.photos,available,15.99,29.99,medium,low,6,namesilo,,,24/09/2026 22:03
6710f63e-6bb0-4e5f-9059-5b3e5a8a37ec,diversion.photos,available,15.99,29.99,high,low,9,namesilo,,,24/09/2026 23:18
337dce8f-7092-4cf6-a766-91fb63a0e9cf,leafless.photos,available,8.98,40.98,medium,low,8,namecheap,,,22/08/2026 21:56
33217c33-0100-41e7-ae43-dabe7e8969fe,fauna.photos,available,8.98,40.98,high,low,5,namecheap,,,
b3009a68-904a-49eb-9d3a-60bd6eafcac0,clubby.photos,available,8.98,40.98,medium,low,6,namecheap,,,12/08/2026 11:19
b63c928f-fe4a-4a69-9f88-2d7d706111d6,tks.photos,available,14.99,,high,low,3,name.com,,,
16eaf71a-4d15-4369-887b-771c05a584c7,achy.photos,available,8.98,40.98,medium,low,4,namecheap,,,
5c7318f4-347f-4810-9df8-e778a3533b13,saints.photos,available,15.99,29.99,medium,low,6,namesilo,,,28/09/2026 16:34
dcfa8d3d-62e6-45cd-8e44-a5889699038c,comprehend.photos,available,7.96,24.01,high,low,10,spaceship,,,29/09/2026 18:01
788dc63b-02d2-4a0f-a862-60a8369f414d,takeaways.photos,available,15.99,29.99,medium,low,9,namesilo,,,18/09/2026 05:02
d28a88a2-2752-4156-a694-ee13432e9ba5,truths.photos,available,15,,medium,low,6,unstoppable,,,30/09/2026 06:17
d5bbb877-1dc0-4319-ace4-6f657b4e5144,subdivision.photos,available,8.24,24.83,high,low,11,dynadot,,,29/09/2026 21:00
3e15de0b-d365-4075-831e-1594f44a941d,scratched.photos,available,14.99,,medium,low,9,name.com,,,
ab7fd881-c814-495c-94fb-96d95c81a6cf,sevilla.photos,available,15.99,29.99,high,low,7,namesilo,,,29/09/2026 13:56
45869f55-958c-43e7-b72f-2abaf6167102,cadet.photos,available,15,,medium,low,5,unstoppable,,,29/09/2026 00:18
704c7854-1245-4176-be45-87c158325207,apse.photos,available,15.99,29.99,high,low,4,namesilo,,,19/09/2026 22:33
38680993-270c-49ea-a16d-af77fb5163e6,energetic.photos,available,8.98,40.98,high,low,9,namecheap,,,17/08/2026 05:58
c17b4086-ab91-4005-8a30-e52a2c59943e,overladen.photos,available,8.98,40.98,medium,low,9,namecheap,,,04/09/2026 20:51
4b6549a4-0748-4e56-96c2-3e7c9cdf5092,practicality.photos,available,15.99,29.99,high,low,12,namesilo,,,16/09/2026 09:33
b2cecda7-720d-4b3e-a638-9dec91e26c7f,ease.photos,available,7.96,24.01,high,low,4,spaceship,,,27/09/2026 13:14
3bf1f90c-d9d0-4b5a-b90a-1cb6882033c3,tenor.photos,available,8.98,40.98,high,low,5,namecheap,,,11/09/2026 11:24
97d53a11-a4d5-4e0b-b518-c4bec7f1dded,promoter.photos,available,8.24,24.83,high,low,8,dynadot,,,29/09/2026 23:36
8ab0a101-de88-42ad-9718-f71b80280668,psychiatrist.photos,available,23.2,23.2,high,low,12,cloudflare,,,27/09/2026 16:44
aa58b995-af05-4be2-97d8-e00b2b873378,back.photos,available,15.99,29.99,high,low,4,namesilo,,,22/09/2026 15:40
782c6d16-ce29-4d3c-9b68-c050b10a929c,antlered.photos,available,8.98,40.98,medium,low,8,namecheap,,,05/08/2026 20:11
b92b2e51-52be-492b-bc46-28a2dfa32966,islington.photos,available,7.96,24.01,medium,low,9,spaceship,,,30/09/2026 04:50
9ba18f8f-c3ed-48bb-a579-f72c913ec344,listened.photos,available,15.99,29.99,medium,low,8,namesilo,,,25/09/2026 19:45
a23a9981-7608-45e7-bdf3-32c034efc356,academism.photos,available,8.98,40.98,medium,low,9,namecheap,,,16/09/2026 20:23
6d5ec665-8f62-4f0e-aafc-1ffa8a39ef96,lxiv.photos,available,8.98,40.98,medium,low,4,namecheap,,,
8ba6ee67-697c-4d8e-9428-81abc51fa728,vixenish.photos,available,8.98,40.98,medium,low,8,namecheap,,,13/09/2026 06:24
0d44c6b6-4a82-42b3-928b-321993e70529,millimeter.photos,available,15,,high,low,10,unstoppable,,,30/09/2026 18:02
aa807147-b928-4c68-96b0-f5438650a0e3,orchestral.photos,available,8.98,40.98,high,low,10,namecheap,,,04/09/2026 17:42
3d92cebc-17c0-4839-a5e0-e17deb3e5961,deciders.photos,available,8.98,40.98,medium,low,8,namecheap,,,20/09/2026 23:38
aae4223e-65ad-4a98-b799-25dad06d1af3,subocean.photos,available,8.98,40.98,low,low,8,namecheap,,,11/09/2026 00:32
20d5d185-07e4-4fd6-9e59-4552051dd5a1,numbers.photos,available,7.96,24.01,high,low,7,spaceship,,,29/09/2026 03:35
f0b603e6-865c-4ef5-8837-b31f71b4406c,deacon.photos,available,8.24,24.2,high,low,6,porkbun,,,30/09/2026 09:20
20d5080b-8a8c-4831-b9ba-5d714242c9cb,happens.photos,available,14.99,,medium,low,7,name.com,,,
4659534f-201c-43b2-83ba-c321e9a3fad1,counselor.photos,available,8.98,40.98,high,low,9,namecheap,,,28/09/2026 13:47
1da39c85-a7f2-452d-924f-c0879e8a192d,gauche.photos,available,8.98,40.98,medium,low,6,namecheap,,,18/08/2026 20:41
b37f0db1-470d-49f5-954e-05a621265c16,invention.photos,available,14.99,51.99,high,low,9,godaddy,,,28/09/2026 02:09
5fe07bd0-72c4-4887-9bbf-9c270fd8200d,concealed.photos,available,8.98,40.98,high,low,9,namecheap,,,23/09/2026 18:33
7fa63065-0e97-40d7-8391-12e2c65d4125,anglesea.photos,available,8.98,40.98,medium,low,8,namecheap,,,19/09/2026 06:27
0f2b730a-1164-400a-8264-6d1b39db5237,avesta.photos,available,15.99,29.99,medium,low,6,namesilo,,,21/09/2026 09:22
51b7024d-588b-4a8e-ae49-1e2ff281f273,responds.photos,available,8.98,40.98,medium,low,8,namecheap,,,20/09/2026 08:24
b9372513-067f-43fd-922a-c92cc88b191e,crawl.photos,available,15.99,29.99,high,low,5,namesilo,,,21/09/2026 04:48
e0c3f9fd-8a4d-4e67-baf9-e5673cdf773a,mata.photos,available,7.96,24.01,medium,low,4,spaceship,,,28/09/2026 21:09
7161e9e9-4d52-45db-be4a-fb3cb74d4dee,peabody.photos,available,23.2,23.2,medium,low,7,cloudflare,,,29/09/2026 00:46
c697ad7b-881a-40db-a88c-fbabdeb73c8b,procrastinate.photos,available,7.96,24.01,medium,low,13,spaceship,,,01/10/2026 00:20
dcebe98d-f20d-498d-a9de-180595b25962,acted.photos,available,15.99,29.99,medium,low,5,namesilo,,,27/09/2026 02:34
ed9a2cfd-7e01-453e-9f93-f3e7ade97463,lublin.photos,available,7.96,24.01,medium,low,6,spaceship,,,28/09/2026 19:44
dfbf09af-7554-4aa7-8ab9-ff6ba280768d,sanely.photos,available,8.98,40.98,medium,low,6,namecheap,,,16/09/2026 00:33
058c2cd6-ecbb-4ae7-b5c1-de0bafdf9081,prat.photos,available,8.98,40.98,medium,low,4,namecheap,,,09/08/2026 11:18
07d1d508-f760-4feb-bcb6-92d3ff48be4f,shoebill.photos,available,8.98,40.98,medium,low,8,namecheap,,,21/09/2026 20:35
d60ef138-06f1-4e3d-a366-2b80cb7c5890,stoker.photos,available,8.98,40.98,medium,low,6,namecheap,,,16/09/2026 16:53
5ae57755-77c3-483f-ad5b-dd236c1725f7,apologize.photos,available,8.24,24.83,high,low,9,dynadot,,,30/09/2026 15:06
d0818536-4b24-4dbd-8b49-99c879f130c4,ionizing.photos,available,8.98,40.98,medium,low,8,namecheap,,,29/09/2026 08:38
1f13bc5f-ef2e-4a4b-b46c-785d23c0728c,amenable.photos,available,15.99,29.99,high,low,8,namesilo,,,22/09/2026 04:02
09efb1f9-63aa-4f51-827a-82823914b814,cordelia.photos,available,8.24,24.83,high,low,8,dynadot,,,29/09/2026 22:19
35c020fc-2b61-464e-b455-974a581d0f71,hid.photos,available,8.98,40.98,medium,low,3,namecheap,,,26/09/2026 03:17
3988523f-00e9-4917-a8ee-73738d9ec474,seniority.photos,available,7.96,24.01,high,low,9,spaceship,,,30/09/2026 17:37
6e05e2be-7f5e-4c3e-a9e8-48c5e0fe7408,receivable.photos,available,8.98,40.98,high,low,10,namecheap,,,09/09/2026 11:20
31c5bf3e-a3ce-4274-901b-700b28c47614,lactic.photos,available,8.98,40.98,medium,low,6,namecheap,,,04/09/2026 08:23
d2cd92da-e2b2-4083-a7d2-a4773b8237ad,richard.photos,premium,23.6,23.6,high,low,7,namesilo,,,25/09/2026 17:40
bac4d338-115c-4af8-b359-bbaf7d2b4062,recorded.photos,available,15.99,29.99,high,low,8,namesilo,,,27/09/2026 10:58
139a2a75-15db-4bbd-89b4-a8ff8f3099ad,ornamental.photos,available,8.98,40.98,high,low,10,namecheap,,,13/08/2026 02:53
9b83352f-a61c-4f35-b731-c8aaed83f4cf,antabuse.photos,available,15.99,29.99,medium,low,8,namesilo,,,19/09/2026 12:24
d3793479-a40c-46b1-ada8-5866cf1807d3,baptisia.photos,available,15.99,29.99,medium,low,8,namesilo,,,22/09/2026 03:24
f89878da-9922-43e5-b88e-6846a66ea29d,dementia.photos,available,15.99,29.99,high,low,8,namesilo,,,24/09/2026 21:47
9aaf6ef2-5f0f-4c30-a1e3-3e10ddb55c5c,montpelier.photos,available,15.99,29.99,medium,low,10,namesilo,,,24/09/2026 12:33
feac125f-5fd0-46c3-8ce4-2c450519b6d7,arthropoda.photos,available,15.99,29.99,high,low,10,namesilo,,,20/09/2026 10:41
2b8d2720-c852-437d-95ba-8f1815d251fe,worked.photos,available,14.99,,high,low,6,name.com,,,
135a2842-e0b9-46a3-ac44-768127b87e33,wittingly.photos,available,8.98,40.98,medium,low,9,namecheap,,,15/09/2026 10:32
1ef2aa8b-52ac-4f30-bc52-b75ca1baaf82,uml.photos,available,14.99,,high,low,3,name.com,,,
c7bf741b-6975-4957-a15d-a4f8f873a75e,ardour.photos,available,15.99,29.99,medium,low,6,namesilo,,,20/09/2026 03:15
8c39c7c5-e51b-4861-b1b2-404fe5555f8e,buddha.photos,available,15.99,29.99,high,low,6,namesilo,,,28/09/2026 05:20
2a35b472-8e73-4c97-bcd8-591747745bc6,matrix.photos,available,7.96,24.01,high,medium,6,spaceship,,,29/09/2026 21:35
8504ec2f-68de-4c99-a861-6cc892bf2131,execute.photos,available,23.2,23.2,high,low,7,cloudflare,,,27/09/2026 16:26
4b82b226-6873-4aad-a19d-08e67e445edd,orphic.photos,available,8.98,40.98,medium,low,6,namecheap,,,03/09/2026 12:27
77aec796-882c-4a99-aca7-b3a919e12958,flaw.photos,available,15,,medium,low,4,unstoppable,,,29/09/2026 00:57
e9122695-ae88-4a33-980a-77a8cb277bc4,unpressed.photos,available,8.98,40.98,low,low,9,namecheap,,,12/09/2026 17:24
5065555d-2bdc-48f0-9564-9b5940a4ab9a,mongolian.photos,available,8.98,40.98,high,low,9,namecheap,,,25/08/2026 04:47
d2564c1c-4591-40dc-935d-c8b0b279beae,pyle.photos,available,8.98,40.98,medium,low,4,namecheap,,,29/09/2026 07:17
0c3e08f4-0207-43b2-bd38-3e4d91c1c684,rare.photos,resell,,,high,medium,4,"GoDaddy.com, LLC",01/01/2022 20:02,01/01/2027 20:02,27/09/2026 09:46
88903096-f035-42e4-831d-5d8335fbe186,informal.photos,available,15.99,29.99,high,low,8,namesilo,,,25/09/2026 09:31
0eb853df-c1f5-4c10-8bca-d5ffb1f7730a,stewardess.photos,available,14.99,35.99,high,low,10,name.com,,,17/09/2026 22:26
7f597f5d-37df-4bd9-be4a-f0bf04e93b29,billfold.photos,available,15.99,29.99,medium,low,8,namesilo,,,23/09/2026 16:16
dd51f391-9d96-4fcf-ab1b-0705cae2ebde,multilevel.photos,available,8.98,40.98,medium,low,10,namecheap,,,03/09/2026 10:46
519ad01f-ec70-4db3-a522-40f66c0b04a3,amharic.photos,available,8.98,40.98,medium,low,7,namecheap,,,
de93fbce-9630-4ff5-813a-61110e9eddba,illusional.photos,available,8.98,40.98,medium,low,10,namecheap,,,21/08/2026 20:11
dcfaad10-1649-4da4-87a3-2123a5b4e805,difference.photos,available,15.99,29.99,high,low,10,namesilo,,,29/09/2026 14:33
bf037e15-b491-4ba8-8bc6-28bf5ad67a27,orgasm.photos,available,15.99,29.99,high,low,6,namesilo,,,29/09/2026 13:36
65e2204e-cb8c-434c-b44f-608cb6eae58d,extensively.photos,available,7.96,24.01,medium,low,11,spaceship,,,29/09/2026 20:59
a627e4c4-9683-47e8-a68e-3b1f0db84309,inscribe.photos,available,15.99,29.99,high,low,8,namesilo,,,21/09/2026 06:39
9219725e-2cbe-4874-90b7-a25ddb28214f,blade.photos,available,15.99,29.99,high,low,5,namesilo,,,24/09/2026 03:32
c6e898f7-7907-42de-b8ba-550fe4f1c83c,existent.photos,available,8.98,40.98,medium,low,8,namecheap,,,
d93e6740-7334-4f07-94fb-5d6df5de1e86,triggered.photos,available,7.96,24.01,medium,low,9,spaceship,,,29/09/2026 05:24
e17ea47c-559e-4c05-a7c9-1f18e26a8320,swollen.photos,available,15.99,29.99,high,low,7,namesilo,,,23/09/2026 18:42
552f6370-4e14-470c-b77b-69020f4b4260,almaty.photos,available,15.99,29.99,medium,low,6,namesilo,,,18/09/2026 12:22
8fdd85be-a236-4ed5-8ecd-c3845986bc1a,frying.photos,available,15.99,29.99,high,low,6,namesilo,,,30/09/2026 09:52
13cf3157-a37b-423a-8f6c-0f268467921c,oxalis.photos,available,8.98,40.98,medium,low,6,namecheap,,,10/09/2026 14:35
ad05daad-1439-4e80-aa66-d4cee9dda9e8,copperhead.photos,available,8.98,40.98,medium,low,10,namecheap,,,17/09/2026 18:16
525317e2-cba9-4d26-984c-1b08754fb77e,delusions.photos,available,7.96,24.01,low,low,9,spaceship,,,30/09/2026 23:37
3234983f-0031-46e5-9c0c-a769e7b1e72f,unblinking.photos,available,8.98,40.98,medium,low,10,namecheap,,,12/09/2026 02:16
abf69a28-d136-4695-b2ec-fc99ab7aa977,conquest.photos,available,15.99,29.99,high,low,8,namesilo,,,29/09/2026 11:03
d13010de-5f8a-4a81-bbd2-6c0cdde0c204,jarring.photos,available,8.98,40.98,medium,low,7,namecheap,,,22/08/2026 12:26
9d4a1028-3e74-4d89-a106-6ce350ef71c2,amply.photos,available,8.98,40.98,medium,low,5,namecheap,,,13/09/2026 19:37
4c781424-c5e5-4ff0-be04-89fdee79cc7c,balanchine.photos,available,8.98,40.98,high,low,10,namecheap,,,21/09/2026 20:54
4fc5c780-b567-4906-acb3-c6067f227a48,bunker.photos,available,15.99,29.99,high,low,6,namesilo,,,28/09/2026 05:21
557656e0-8936-46a4-a40d-49656039c683,dogsledding.photos,available,15.99,29.99,medium,low,11,namesilo,,,20/09/2026 01:02
36ad637c-76d1-4c6e-b86e-30fc5809d4b8,pathologist.photos,available,23.2,23.2,high,low,11,cloudflare,,,30/09/2026 19:46
7b76bd0d-0892-48f8-bfcd-3630c339f7bb,zaragoza.photos,available,23.2,23.2,medium,low,8,cloudflare,,,29/09/2026 08:01
4a1cb796-3429-48f3-b28e-7244c961a9e2,allotment.photos,available,15.99,29.99,high,low,9,namesilo,,,18/09/2026 11:46
0912acc8-c801-49fc-a218-c0904ea2b495,grill.photos,available,7.96,24.01,high,low,5,spaceship,,,28/09/2026 05:54
2fe6e70b-b9e3-40e1-8eb9-879d321b6f1a,explaining.photos,available,23.2,23.2,high,low,10,cloudflare,,,27/09/2026 22:18
ff5b2b23-851d-4ba6-9211-6a65876ff1fe,aarhus.photos,available,15.99,29.99,medium,low,6,namesilo,,,16/09/2026 13:27
76eade3f-4489-49eb-bf69-6ecc81929981,goldwyn.photos,available,7.96,24.01,medium,low,7,spaceship,,,30/09/2026 17:29
de9a0350-a91a-4d34-a385-0b6a4da1a682,balloons.photos,available,7.96,24.01,medium,low,8,spaceship,,,28/09/2026 18:12
67a88590-c248-4acd-abfe-bfe49369e9aa,lovingness.photos,available,8.98,40.98,high,low,10,namecheap,,,11/08/2026 19:18
92c90c29-b714-479b-912a-78300ab2f29e,pound.photos,available,15.99,29.99,medium,low,5,namesilo,,,29/09/2026 04:26
d1aa9344-d7d7-472f-bddb-3f4773fcc767,quintuple.photos,available,8.98,40.98,medium,low,9,namecheap,,,18/08/2026 05:54
d243000e-f843-4b1f-9404-eabf1670ccdf,volary.photos,available,15.99,29.99,medium,low,6,namesilo,,,21/09/2026 09:24
6710645b-c544-4623-a4ce-e6d2d7b32a73,falmouth.photos,available,23.2,23.2,medium,low,8,cloudflare,,,28/09/2026 07:50
9e299b12-8888-4005-ad61-cc7e863f2a11,sweater.photos,available,8.24,24.83,high,low,7,dynadot,,,28/09/2026 06:35
37824268-061b-4b50-ab17-cbfad0d93cc6,federalist.photos,available,23.2,23.2,medium,low,10,cloudflare,,,28/09/2026 19:11
d20a1617-f4a8-446a-8523-6ed9924ccf4a,pigboat.photos,available,8.98,40.98,medium,low,7,namecheap,,,11/09/2026 00:21
8ccd95da-a2a2-4e6a-8d9d-5c443e18c36e,send.photos,resell,,,high,medium,4,Dynadot Inc,04/03/2014 21:56,04/03/2027 21:56,29/09/2026 04:28
b4073e1c-f283-4575-a25f-1440d3507511,amaranth.photos,available,15.99,29.99,medium,low,8,namesilo,,,18/09/2026 15:50
ba570197-8a5e-4b52-984a-08ce213cd073,quarantine.photos,available,15.99,29.99,medium,low,10,namesilo,,,28/09/2026 15:10
c7c6f06e-cf23-4bab-aeaf-b5ca15d1f02f,occluded.photos,available,8.98,40.98,medium,low,8,namecheap,,,04/09/2026 00:12
190ab9e2-a7bd-4406-aa0b-77eedcda6237,subtle.photos,available,7.96,24.01,high,low,6,spaceship,,,28/09/2026 01:48
f677cc3b-577a-40d2-859f-4d1bff043ac7,bow.photos,premium,23.6,23.6,high,low,3,namesilo,,,23/09/2026 01:50
aa8f5715-5734-4cd2-83ad-ef0b5dc6acad,twits.photos,available,15.99,29.99,low,low,5,namesilo,,,21/09/2026 06:16
be5d2180-76be-46d9-9bdb-dde06c8bc8fc,mcc.photos,available,7.96,24.01,high,low,3,spaceship,,,27/09/2026 20:35
691b76cf-6787-4296-89c3-d7838c0e3c82,forested.photos,available,8.98,40.98,high,low,8,namecheap,,,18/08/2026 11:43
ca9d4745-4a26-4c9d-9daa-b06e3e3e262b,groomed.photos,available,8.98,40.98,high,low,7,namecheap,,,20/08/2026 20:15
c420c525-e258-434b-a93e-19dba12f442b,diploma.photos,available,7.96,24.01,high,low,7,spaceship,,,29/09/2026 15:03
7839af65-5b83-47e6-9a51-51b39f77d10c,rio.photos,premium,118.8,118.8,high,low,3,namesilo,,,28/09/2026 03:02
379aaa86-7bb0-4e60-b4a4-1202a7b5034e,cuthbert.photos,available,15,,medium,low,8,unstoppable,,,29/09/2026 03:58
e9b6afa7-d721-45e6-8a11-77ec47d6db08,peaky.photos,available,8.98,40.98,medium,low,5,namecheap,,,08/09/2026 11:10
467cc911-ae4b-45a6-8c28-186372ab4b3c,sometime.photos,available,8.98,40.98,high,low,8,namecheap,,,10/09/2026 14:04
16cbc4c5-fb4b-440d-8603-22b3b30543ec,indecent.photos,available,15.99,29.99,medium,low,8,namesilo,,,25/09/2026 09:06
b1ae1764-9068-45b7-9226-7cf40ed3dc11,twilit.photos,available,8.98,40.98,medium,low,6,namecheap,,,14/08/2026 21:33
87009291-f92e-43e5-94b8-dda423ee262b,hayek.photos,available,7.96,24.01,medium,low,5,spaceship,,,01/10/2026 02:14
fe1cbbff-af03-416e-bd6d-a5971971d974,goit.photos,available,15.99,29.99,high,low,5,namesilo,,,17/09/2026 17:43
32f4f167-81f6-4e21-a57d-5db7dc35ae2f,dogfish.photos,available,8.98,40.98,high,low,7,namecheap,,,18/09/2026 21:24
1aa0488c-21d4-47a0-8187-416f67f87497,semisoft.photos,available,8.98,40.98,medium,low,8,namecheap,,,10/09/2026 03:24
99f53e27-5865-4d51-897d-a53c8d9730c4,villainous.photos,available,8.98,40.98,medium,low,10,namecheap,,,03/09/2026 14:59
9d051d51-c5b7-4068-86e7-af1f0907c6b3,distinction.photos,available,14.99,,high,low,11,name.com,,,
8fee507f-ebb0-461c-a29c-b3825cd154b6,debts.photos,available,15,,low,low,5,unstoppable,,,28/09/2026 04:25
588df79a-a185-4c31-9965-fb14a409e476,segal.photos,available,23.2,23.2,medium,low,5,cloudflare,,,28/09/2026 19:20
e0a0945d-4489-4e2e-b7aa-95302368a4ff,sensibly.photos,available,8.98,40.98,medium,low,8,namecheap,,,16/09/2026 00:35
832096b2-dcf7-45cc-80bd-adab0a84c50b,bestiary.photos,available,15.99,29.99,high,low,8,namesilo,,,23/09/2026 10:36
36d0ffc0-96f4-42a3-a3b4-ba76458d4e6d,risks.photos,available,15.99,29.99,medium,low,5,namesilo,,,20/09/2026 06:40
5a6d0820-620c-4269-b9ce-88b48e5af38a,advisable.photos,available,8.98,40.98,high,low,9,namecheap,,,
94807f32-d092-4d73-8351-63d7b388c54c,lifted.photos,available,8.98,40.98,high,low,6,namecheap,,,23/08/2026 02:39
6c9d84b8-43c5-4b0f-a4d4-381f188b3952,survivors.photos,available,15.99,29.99,medium,low,9,namesilo,,,28/09/2026 05:06
1433dbee-80bf-46d0-9cba-935d73caf228,embarrassed.photos,available,15.99,29.99,medium,low,11,namesilo,,,27/09/2026 06:32
a634ef66-32a5-4f6d-b04a-884e815b3146,catharsis.photos,available,8.98,40.98,high,low,9,namecheap,,,16/09/2026 17:03
266b5847-f404-4530-82f9-0a557519ed41,synonymous.photos,available,8.98,40.98,high,low,10,namecheap,,,11/09/2026 06:31
2ec1ced3-f71c-45ef-a4b9-706a4524fc2a,fireplace.photos,available,7.96,24.01,high,low,9,spaceship,,,28/09/2026 14:11
b9a7897d-4920-4e42-9253-ae0f10a8ef24,cassandra.photos,available,15.99,29.99,high,low,9,namesilo,,,30/09/2026 08:59
a35627e4-a011-4226-883a-1a459a2a34e6,corpus.photos,available,15.99,29.99,high,low,6,namesilo,,,30/09/2026 16:48
95b8b5f0-b349-483f-9dcb-e351469190bd,foes.photos,available,15.99,29.99,low,low,4,namesilo,,,18/09/2026 06:38
fa16ca52-0ef7-4163-aad6-0614200bb879,emanuel.photos,available,15.99,29.99,high,low,7,namesilo,,,25/09/2026 14:33
2d784f49-a0bc-4229-addf-a3fec17d8fcd,table.photos,available,7.96,24.01,high,low,5,spaceship,,,30/09/2026 04:19
99a9e714-0f9e-40ef-94bb-9bd0bade11ab,russet.photos,available,8.98,40.98,high,low,6,namecheap,,,09/09/2026 20:06
a20f9eaf-1da0-4850-8211-47786262b108,restriction.photos,available,14.99,,high,low,11,name.com,,,
718963f5-386f-4a9c-9faa-833331a1861f,precisely.photos,available,8.98,40.98,high,low,9,namecheap,,,04/09/2026 14:15
e1669bc6-2ca2-4f67-bfd5-7edbd6116e4e,neglected.photos,available,8.98,40.98,medium,low,9,namecheap,,,21/08/2026 18:36
0eb1dbff-38fb-471f-a041-7ba23f72db8e,proceedings.photos,available,15.99,29.99,high,low,11,namesilo,,,28/09/2026 12:34
fa3df7aa-c352-42fc-a9fa-22435fa5cb30,spray.photos,available,7.96,24.01,high,low,5,spaceship,,,28/09/2026 23:02
9b4d1481-21d3-4dec-8304-29bed25437df,danced.photos,available,15.99,29.99,medium,low,6,namesilo,,,27/09/2026 10:43
a57eac6b-17ff-4bd8-a84e-d39182723050,atropos.photos,available,8.98,40.98,medium,low,7,namecheap,,,21/09/2026 01:01
c25868e3-8259-419f-837e-c30a3340330d,fitchburg.photos,available,15,,medium,low,9,unstoppable,,,30/09/2026 04:33
d6ca4a20-e52f-4de9-9049-5a15fd31c9ce,prominence.photos,available,15.99,29.99,high,low,10,namesilo,,,24/09/2026 11:05
74edb69f-5518-445f-beec-2c889491f5db,acceptor.photos,available,15.99,29.99,high,low,8,namesilo,,,16/09/2026 22:02
ddf3bb35-5c9f-4a0f-95e4-da2aac59e009,andvari.photos,available,8.98,40.98,medium,low,7,namecheap,,,19/09/2026 05:02
fa645cc3-2d6e-4a7c-9310-928ace30a20f,posterior.photos,available,8.98,40.98,medium,low,9,namecheap,,,09/08/2026 11:12
889882bb-9a71-4d68-a2d1-775661108ba6,agal.photos,available,15.99,29.99,medium,low,4,namesilo,,,17/09/2026 16:00
5da73347-a54f-441a-a843-9b860cb124f4,epicurean.photos,available,8.98,40.98,high,low,9,namecheap,,,17/08/2026 10:40
317c2302-ecaa-42b7-bd01-f70eb98af3f2,unopen.photos,available,8.98,40.98,medium,low,6,namecheap,,,10/09/2026 07:06
e046e240-2e5e-45a7-aa2a-69ff8f4f1188,wakeless.photos,available,8.98,40.98,low,low,8,namecheap,,,13/09/2026 07:45
945b8fc8-aa07-45d5-8e79-e480cdf52283,webmasters.photos,available,15.99,29.99,medium,low,10,namesilo,,,18/09/2026 23:06
6a014a7a-2760-4052-a792-9590319f69ec,adhd.photos,available,15.99,29.99,high,medium,4,namesilo,,,17/09/2026 06:35
db2d79ef-9dca-40ac-8c39-ded48fd2acb1,langston.photos,available,23.2,23.2,medium,low,8,cloudflare,,,29/09/2026 09:59
48657c79-5265-4313-90a9-a71de87dd939,grandmothers.photos,available,8.98,40.98,medium,low,12,namecheap,,,20/09/2026 18:06
9dcd3263-f95e-4daa-9409-eab2f65d9e2c,rama.photos,available,7.96,24.01,high,low,4,spaceship,,,27/09/2026 15:30
de0c8c7a-024e-46cb-bc14-d24723c2238f,hoy.photos,available,15.99,29.99,high,low,3,namesilo,,,22/09/2026 05:42
18b0dee4-9a72-4b1a-b01d-f2300133ca6e,herrera.photos,available,7.96,24.01,medium,low,7,spaceship,,,28/09/2026 04:13
7c50b7a4-3042-4cc9-9b2b-2a7427428f6f,developments.photos,available,7.96,24.01,high,low,12,spaceship,,,29/09/2026 16:40
14aa2646-3d9d-44fc-9ba0-97418682e77c,spangled.photos,available,8.98,40.98,high,low,8,namecheap,,,18/08/2026 21:17
d3592c1e-1cfa-4c89-b62f-60eef30730d8,chalky.photos,available,8.98,40.98,medium,low,6,namecheap,,,11/08/2026 13:39
a8e01a75-83f6-4ba5-965d-0649b2343456,shea.photos,available,15.99,29.99,high,low,4,namesilo,,,29/09/2026 22:15
4738f5c6-f0c6-462d-812b-3e53eaa2eb11,their.photos,available,14.99,,medium,low,5,name.com,,,
58f719e6-d7fa-41fc-9d1c-34af43ceb81d,ensign.photos,available,15.99,29.99,medium,low,6,namesilo,,,30/09/2026 17:11
f0352784-3035-45e8-8ee7-6a6d0b8b35fb,solferino.photos,available,15.99,29.99,medium,low,9,namesilo,,,22/09/2026 15:59
a996d6e6-f732-42d6-a093-52339d42bace,ulysses.photos,available,23.2,23.2,high,low,7,cloudflare,,,30/09/2026 11:15
2aee98d8-35d6-4206-a060-75ef0a4ae7a4,appeared.photos,available,15.99,29.99,medium,low,8,namesilo,,,27/09/2026 10:53
121ef7ae-7731-49c5-8f02-381003ca3701,woodbridge.photos,available,15.99,29.99,medium,low,10,namesilo,,,28/09/2026 16:49
a316e4fe-3b24-4129-bc7d-57a71ed9c19c,girlfriend.photos,available,15.99,29.99,high,low,10,namesilo,,,25/09/2026 23:00
d5540301-04a6-4fbd-b142-7adfa4a6e00b,predicted.photos,available,15.99,29.99,medium,low,9,namesilo,,,28/09/2026 23:02
8309b17f-c5cf-4a5c-87a0-911b545923eb,flowery.photos,available,8.98,40.98,high,low,7,namecheap,,,18/08/2026 09:09
a399ce03-da0b-4b22-9f15-c7362d7c0376,bisque.photos,available,15.99,29.99,high,low,6,namesilo,,,23/09/2026 22:05
b89ddef9-07e0-45b9-be7b-4edfc517443a,advert.photos,available,8.24,24.2,high,low,6,porkbun,,,28/09/2026 11:46
4a86fd7f-f473-430d-b142-45c953a22608,healthcare.photos,resell,,,high,low,10,"Spaceship, Inc.",05/03/2014 20:11,05/03/2027 20:11,30/09/2026 06:01
4875c8c3-b88a-4ae7-9d7a-6f500f133d26,hillside.photos,available,15,,high,low,8,unstoppable,,,29/09/2026 13:02
49b03920-e8c0-4af2-99ee-4e91d6507e7d,lettres.photos,available,15,,medium,low,7,unstoppable,,,29/09/2026 05:30
a07a9488-3add-4ca0-ae09-eb02accb4082,rotting.photos,available,7.96,24.01,medium,low,7,spaceship,,,29/09/2026 20:13
9b69e972-df41-4e9b-95eb-4c3f6dd18c86,luckless.photos,available,8.98,40.98,medium,low,8,namecheap,,,24/08/2026 10:59
95e0bcc7-7de6-4a18-85cd-bf8db2118dbc,outermost.photos,available,8.98,40.98,high,low,9,namecheap,,,04/09/2026 19:17
feea92cc-7300-4d70-989a-b16985ab8883,disrepute.photos,available,15.99,29.99,medium,low,9,namesilo,,,24/09/2026 22:34
7f35eb09-a3f4-40ca-a9de-268a5193714d,firsthand.photos,available,8.98,40.98,high,low,9,namecheap,,,18/08/2026 05:27
acb00996-7549-49bb-971e-744bcbbc0095,walked.photos,available,15.99,29.99,medium,low,6,namesilo,,,18/09/2026 01:20
11da5cbc-4cfd-43d2-93aa-162f3124e55b,overwhelming.photos,available,7.96,24.01,high,low,12,spaceship,,,28/09/2026 07:20
829e4be5-4e87-481d-a857-c5a15286fb8f,apologia.photos,available,8.98,40.98,medium,low,8,namecheap,,,19/09/2026 18:44
95aea93f-4c73-431f-a226-23722cf74828,banality.photos,available,8.98,40.98,medium,low,8,namecheap,,,12/08/2026 19:14
aaf19fe0-71e3-42cd-ae89-533cb5111249,hounds.photos,available,15,,medium,low,6,unstoppable,,,30/09/2026 22:40
a7599fd1-0f85-4a7a-a9d5-c6e19bd72b6f,ruinous.photos,available,8.98,40.98,medium,low,7,namecheap,,,10/08/2026 13:28
44524b52-d071-4ad1-9d2a-41c26770a53e,rent.photos,available,15.99,29.99,high,low,4,namesilo,,,24/09/2026 13:47
432ca95e-c62f-4299-82c5-9be33c7837bd,via.photos,available,15.99,29.99,high,medium,3,namesilo,,,28/09/2026 15:38
03646d32-605b-4c8c-a5d3-91394e9b872d,chewing.photos,available,15.99,29.99,high,low,7,namesilo,,,24/09/2026 14:24
f87f2645-7340-4280-ba86-dd13692fcff0,thrilling.photos,available,8.98,40.98,high,low,9,namecheap,,,16/08/2026 02:41
fe57ef6f-72d6-4962-8203-4316b658b2fe,minister.photos,available,8.98,40.98,high,low,8,namecheap,,,24/09/2026 20:20
ae5d1d62-4ebb-433c-a8d2-d006b07cbf2b,arabic.photos,available,15.99,29.99,high,low,6,namesilo,,,22/09/2026 07:33
34b8d5f2-a2aa-4bf4-8d19-66dc5e58a8ee,marmoreal.photos,available,8.98,40.98,medium,low,9,namecheap,,,24/08/2026 16:12
383db1bc-66ed-4199-a47c-9020bd0598d9,curricular.photos,available,8.98,40.98,medium,low,10,namecheap,,,13/08/2026 11:29
15320a1a-4274-4946-8ca4-d485a4c93c34,wizard.photos,available,8.98,40.98,high,medium,6,namecheap,,,21/09/2026 18:11
3941c5d7-ceca-4876-87d5-5822f3891d27,squabble.photos,available,15.99,29.99,medium,low,8,namesilo,,,23/09/2026 13:15
19f4fb05-e87b-4afa-9dc6-ca36c2cd1652,avail.photos,available,15.99,29.99,high,low,5,namesilo,,,21/09/2026 08:37
b2e2c7d7-62b7-48c7-9d82-13031ef4d20a,portray.photos,available,15,,high,low,7,unstoppable,,,30/09/2026 11:22
13c288a4-aa23-4b5a-b195-0babc9d8ccf0,discovers.photos,available,15,,low,low,9,unstoppable,,,29/09/2026 11:07
b6e4a2c4-56a5-451d-b9ee-f38730418615,prayed.photos,available,15.99,29.99,medium,low,6,namesilo,,,18/09/2026 02:41
364d0630-9bf0-41ca-9ecc-fb35b9e86bf4,unreliable.photos,available,8.98,40.98,medium,low,10,namecheap,,,11/09/2026 19:06
8ae41739-b07f-4674-941f-dfde566fbf72,anorectal.photos,available,8.98,40.98,medium,low,9,namecheap,,,
cff585fa-442c-475e-bfa6-88d87fa2c9cf,tissue.photos,available,8.98,40.98,high,low,6,namecheap,,,27/09/2026 05:43
31e2358b-8da4-4e55-838b-05ca7e6efe02,ivanov.photos,available,7.96,24.01,medium,low,6,spaceship,,,29/09/2026 01:22
4361b134-9f68-4ed3-8660-4593563ad208,designated.photos,available,7.96,24.01,medium,low,10,spaceship,,,28/09/2026 22:42
c7b57a33-6fec-442b-bad8-e9a31b22ce8d,acapnia.photos,available,8.98,40.98,medium,low,7,namecheap,,,16/09/2026 21:08
6cfe3550-562e-48fe-ad92-b8222330a4fa,chiang.photos,available,8.98,40.98,medium,low,6,namecheap,,,25/09/2026 16:34
901975c3-a200-47ff-b3d0-1933300aeaa6,unhealed.photos,available,8.98,40.98,medium,low,8,namecheap,,,12/09/2026 12:08
998ec570-0c00-4c2b-b149-83b60eabb3c4,musically.photos,available,8.98,40.98,high,low,9,namecheap,,,15/09/2026 15:43
5858ffcf-71d2-4d84-8060-55938c7ce133,repairs.photos,available,7.96,24.01,medium,low,7,spaceship,,,28/09/2026 18:11
c5df77c0-82b1-4b3f-bf04-e081daa71e7f,lxv.photos,available,8.98,40.98,medium,low,3,namecheap,,,
a1d9994b-d345-49d3-8ca8-7a7e85031073,sweeping.photos,available,8.98,40.98,high,low,8,namecheap,,,11/09/2026 05:31
823ad2d5-1121-4d1a-85f1-1befa8e5b2b4,whispered.photos,available,8.98,40.98,medium,low,9,namecheap,,,13/09/2026 11:35
5145fce2-ac7f-4d85-861e-15e0b8c3f63f,arbalist.photos,available,15.99,29.99,medium,low,8,namesilo,,,20/09/2026 00:35
2622c3d3-51ad-4bb3-9f33-aa4225d6ffa9,graspable.photos,available,8.98,40.98,medium,low,9,namecheap,,,06/08/2026 08:18
b210f42e-24d1-489f-809f-84948e0a12eb,rattlesnake.photos,available,8.98,40.98,high,low,11,namecheap,,,30/09/2026 03:33
b8fec6ea-2655-4dfe-aade-af3cd62b348a,penial.photos,available,8.98,40.98,medium,low,6,namecheap,,,08/09/2026 14:23
349b8054-d49b-4a54-ac92-a9b89bea658e,unleaded.photos,available,8.98,40.98,high,low,8,namecheap,,,22/08/2026 21:46
d24e5271-1ce4-4de4-89c5-39550be914ca,impeding.photos,available,8.98,40.98,medium,low,8,namecheap,,,12/08/2026 11:44
9ebd227b-d587-408a-b6f7-6cd88ae7cb2a,assignor.photos,available,14.99,35.99,medium,low,8,name.com,,,20/09/2026 16:27
fa9e39b8-bcb1-4352-9e90-dafa7f0b1b5c,expedite.photos,available,7.96,24.01,high,low,8,spaceship,,,30/09/2026 19:31
c0525e0a-9e21-45da-95a3-f474dd637661,delusional.photos,available,8.98,40.98,medium,low,10,namecheap,,,14/08/2026 00:51
01caf559-45ec-4e25-ad65-dde5d5dca1a3,penguins.photos,available,7.96,24.01,high,low,8,spaceship,,,01/10/2026 00:56
2ddd4842-1e49-4187-9789-6ed4c7667600,doncaster.photos,premium,26,26,high,low,9,namecheap,,,29/09/2026 23:47
1617bb1a-263d-46f8-91cf-6cb810ee054e,buchan.photos,available,7.96,24.01,medium,low,6,spaceship,,,30/09/2026 13:55
fd67722a-124d-475b-ae01-404ca237e486,aftermath.photos,available,15.99,29.99,high,low,9,namesilo,,,17/09/2026 15:43
fbbce51a-3d03-438d-a673-4dca23470fc9,divorcing.photos,available,8.98,40.98,low,low,9,namecheap,,,17/09/2026 22:37
f97d3db9-716d-44f1-8b12-32802193afe3,guardians.photos,available,23.2,23.2,medium,low,9,cloudflare,,,30/09/2026 00:06
cd50bd95-c755-441d-986b-7ceecb49a947,operative.photos,available,8.98,40.98,high,low,9,namecheap,,,04/09/2026 16:29
fd3a95cb-7363-434b-9caa-2e8199bd93de,armillaria.photos,available,15.99,29.99,medium,low,10,namesilo,,,20/09/2026 07:07
32d60fa0-5dc8-438b-9c40-3140075c875f,citizens.photos,available,8.98,40.98,high,low,8,namecheap,,,18/09/2026 15:13
d948d0dc-81bb-44a9-8947-fec89fa48f2c,riverdale.photos,available,7.96,24.01,high,low,9,spaceship,,,30/09/2026 05:42
5d7e29fb-14cf-4ad3-9052-def9837be797,lovesick.photos,available,8.98,40.98,medium,low,8,namecheap,,,24/08/2026 10:18
da8855dc-bb89-4094-9ddc-14e14dda2d2f,arouse.photos,available,8.98,40.98,high,low,6,namecheap,,,07/08/2026 23:59
85679e07-3ab3-446c-ac47-08b06dab2966,express.photos,premium,118.8,118.8,high,low,7,namesilo,,,24/09/2026 16:04
c745ca52-a651-48f3-906e-913dcc62f012,blastema.photos,available,8.98,40.98,medium,low,8,namecheap,,,24/09/2026 04:21
4d1e9a01-8108-42d5-9e6d-e30b72b37a0c,devotedly.photos,available,8.98,40.98,medium,low,9,namecheap,,,14/09/2026 12:28
1ebd7591-8858-4d1e-83d1-e30ea1feec1c,kavanagh.photos,available,7.96,24.01,medium,low,8,spaceship,,,30/09/2026 22:02
3ca8a4d8-3b5e-4c31-ac29-a10c1d47be6a,alkane.photos,available,8.98,40.98,medium,low,6,namecheap,,,18/09/2026 08:24
47c16211-bcfc-4352-aecf-7c916537fe45,doctorate.photos,available,15,,high,low,9,unstoppable,,,30/09/2026 17:00
0e5fd7c7-ffc1-45d7-83e9-26271c6f4df0,publicly.photos,available,15,,medium,low,8,unstoppable,,,28/09/2026 15:37
effc3b6a-59cc-4216-b886-545ea4760717,appointive.photos,available,8.98,40.98,medium,low,10,namecheap,,,06/08/2026 07:16
dfb745e2-500b-400c-b0e3-b0269e6422a1,raised.photos,available,15.99,29.99,high,low,6,namesilo,,,23/09/2026 09:46
07320fb2-c441-4a79-8679-017183fa0ae5,recalled.photos,available,15.99,29.99,medium,low,8,namesilo,,,18/09/2026 02:40
c5c0b8ef-ed52-4bf4-ae34-0797215657f5,whap.photos,available,8.98,40.98,medium,low,4,namecheap,,,22/09/2026 10:30
23f85537-19a7-42bf-b537-72fad84b2af4,injurious.photos,available,8.98,40.98,medium,low,9,namecheap,,,14/08/2026 00:30
18e98e67-9db1-44c6-bb68-6d75f17048c0,chained.photos,available,8.98,40.98,medium,low,7,namecheap,,,12/08/2026 01:23
58510035-bbf5-4c4b-bd80-389d1974d174,relaxation.photos,available,23.2,23.2,high,low,10,cloudflare,,,29/09/2026 12:08
d6fd3287-a219-48dd-aa8c-1ca0a0fe9b54,oppose.photos,available,8.24,24.83,high,low,6,dynadot,,,30/09/2026 06:45
c97ba98d-0f83-40e1-b1a5-68a3981b8037,heated.photos,available,8.98,40.98,medium,low,6,namecheap,,,21/08/2026 02:17
1eb1e01c-feff-4b6f-beaf-23129ceac9cf,minsk.photos,available,8.24,24.83,high,low,5,dynadot,,,28/09/2026 05:24
e6cefcf1-8e53-4df4-860d-34470a81e7b3,boondocks.photos,available,15.99,29.99,medium,low,9,namesilo,,,21/09/2026 14:32
b860b389-c1d0-4603-b13c-157073e31050,asses.photos,available,7.96,24.01,low,low,5,spaceship,,,30/09/2026 15:16
db43ac29-7873-4c9c-ae84-cc421ca363b0,gladly.photos,available,8.98,40.98,high,low,6,namecheap,,,17/08/2026 20:47
1dcaadf4-6017-4c07-a4aa-ff42825b9b6d,prospects.photos,available,23.2,23.2,medium,low,9,cloudflare,,,29/09/2026 05:24
bc8479d9-331c-484b-a0c6-78a0790f3d14,civilized.photos,available,8.98,40.98,high,low,9,namecheap,,,12/08/2026 09:06
0e15e7ef-224a-400b-9967-3e0376bfb40e,mannered.photos,available,8.98,40.98,medium,low,8,namecheap,,,24/08/2026 15:18
c113f31c-ea4f-4410-8296-be533a5b623d,whitaker.photos,available,8.98,40.98,high,low,8,namecheap,,,27/09/2026 20:44
3535c991-125f-42cc-9cfb-6ae424799d44,amphibious.photos,available,8.98,40.98,medium,low,10,namecheap,,,
1062bcfd-b297-467c-886f-2a2bf13f8f20,rapids.photos,available,23.2,23.2,high,low,6,cloudflare,,,30/09/2026 05:25
c47c0c23-e3b6-4987-a1f3-939506df03e6,decreasing.photos,available,8.98,40.98,medium,low,10,namecheap,,,13/08/2026 22:12
65b7ed12-bc1a-4212-8230-42b345cf373c,strut.photos,available,8.98,40.98,high,low,5,namecheap,,,11/09/2026 05:11
b18e2f85-fef2-45ef-92bd-aa37453a7d0e,rakish.photos,available,14.99,35.99,medium,low,6,name.com,,,13/08/2026 17:34
686a7ac2-fe64-4f95-8470-3405fcb9221e,wooly.photos,available,8.98,40.98,high,low,5,namecheap,,,18/08/2026 08:45
a77050c8-3e22-4d50-b2c6-ee9fef6e8270,irani.photos,available,8.98,40.98,high,low,5,namecheap,,,22/08/2026 09:42
42ae776c-77bf-4f9b-8ee7-69477353db91,expressly.photos,available,8.98,40.98,high,low,9,namecheap,,,14/09/2026 17:09
58f874e9-d488-44f7-bea7-e28a5a1d8c77,unsparing.photos,available,8.98,40.98,medium,low,9,namecheap,,,22/08/2026 21:11
db8b65a7-a79a-4793-a917-8b5437bb69e4,sublimed.photos,available,8.98,40.98,medium,low,8,namecheap,,,11/09/2026 00:03
566886d2-fb22-408d-8003-f76f0af909dc,rug.photos,available,15.99,29.99,high,low,3,namesilo,,,28/09/2026 09:14
7154e25a-68b3-42a8-8e27-73e2e07c6d33,aglet.photos,available,8.98,40.98,medium,low,5,namecheap,,,17/09/2026 18:21
51897330-1623-433d-be41-d3a219dfed0d,vernal.photos,available,8.98,40.98,medium,low,6,namecheap,,,13/09/2026 04:19
2b84d880-9476-4d89-b0e9-e050ba6fec80,burred.photos,available,8.98,40.98,medium,low,6,namecheap,,,08/08/2026 17:23
4bbf1eb0-4c0b-4c0d-95ba-11ad996c49c9,regeneration.photos,available,8.24,24.83,high,low,12,dynadot,,,29/09/2026 22:53
4b8a4f44-0adc-4f54-aa7e-94f7cebd75bf,octopus.photos,available,7.96,24.01,high,medium,7,spaceship,,,30/09/2026 02:24
a741d967-7257-4241-9685-37bc93629d8a,baryon.photos,available,15.99,29.99,medium,low,6,namesilo,,,22/09/2026 09:41
afc96089-c1e8-4f75-a606-80134f9caafa,paraplegic.photos,available,8.98,40.98,medium,low,10,namecheap,,,08/09/2026 01:10
c764fbcd-e3b9-453e-90d1-6fad798601e6,transform.photos,available,23.2,23.2,high,low,9,cloudflare,,,28/09/2026 20:53
57f5ff2e-2510-4a3d-9e85-c55b939926e2,lowered.photos,available,15.99,29.99,medium,low,7,namesilo,,,25/09/2026 15:26
e1b69674-4b31-46fd-bc0b-7317e63a5dad,acuate.photos,available,8.98,40.98,medium,low,6,namecheap,,,
e9bdfdd1-badb-455c-aea4-718bacac8dee,dependance.photos,available,8.98,40.98,medium,low,10,namecheap,,,17/09/2026 06:55
deac282f-e244-4ca0-af3b-05ee151e0f28,apar.photos,available,15.99,29.99,medium,low,4,namesilo,,,19/09/2026 16:14
2cc4d178-989a-47e8-8481-4f0e1c122d48,cymry.photos,available,8.98,40.98,medium,low,5,namecheap,,,13/09/2026 10:45
5d431647-ce0d-4e6a-9475-78149691c7fe,fixtures.photos,available,8.24,24.83,medium,low,8,dynadot,,,30/09/2026 00:04
ce80ad67-d665-4c3b-8d11-28944195d2b1,hydropower.photos,available,15.99,29.99,medium,low,10,namesilo,,,29/09/2026 10:23
367d9e5e-a63f-4dfa-bd8f-a7a3939e31d6,effluent.photos,available,8.98,40.98,medium,low,8,namecheap,,,15/08/2026 14:47
e6a45628-a272-4e4d-b5cd-98746779635d,atrovent.photos,available,8.98,40.98,medium,low,8,namecheap,,,21/09/2026 01:03
95b79e75-a69a-4bc0-bc32-c1f13d03574b,redevelopment.photos,available,8.98,40.98,medium,low,13,namecheap,,,01/10/2026 03:37
74d380b6-28d8-43ea-ac1a-5c32af9fd215,comment.photos,available,15.99,29.99,high,low,7,namesilo,,,24/09/2026 16:29
a3e6c7e4-7a22-4b0e-95ac-fb06513adaf5,bmus.photos,available,15.99,29.99,medium,low,4,namesilo,,,21/09/2026 14:14
acb2879f-7a97-43b8-8330-7635506d1597,lorentz.photos,available,8.24,24.83,medium,low,7,dynadot,,,28/09/2026 19:26
9c747f22-bbfe-4ab3-814e-13126618d57a,dixie.photos,available,8.98,40.98,medium,low,5,namecheap,,,28/09/2026 09:26
291e6bd8-c552-49f7-b571-b543d7176335,arming.photos,available,15.99,29.99,medium,low,6,namesilo,,,20/09/2026 07:11
9dc22901-ac58-4248-993d-b1cdc02e34f3,shopkeeper.photos,available,7.96,24.01,high,low,10,spaceship,,,28/09/2026 02:48
c4d3d92e-1b1c-4660-ad43-795dbf3f5307,siege.photos,available,15.99,29.99,high,low,5,namesilo,,,23/09/2026 04:50
d9e13748-700d-4db7-8399-e6513e78d1fe,fontaine.photos,available,8.98,40.98,medium,low,8,namecheap,,,28/09/2026 12:22
a0ec023f-7131-4305-a73e-c1ca49de33a6,aneroid.photos,available,8.98,40.98,medium,low,7,namecheap,,,
22c53890-d69f-4e1a-b36c-6dfc56fea26b,agate.photos,available,8.98,40.98,high,low,5,namecheap,,,17/09/2026 16:25
9fadc661-f784-4b31-97db-ae33ffe74db7,thrown.photos,available,15.99,29.99,medium,low,6,namesilo,,,28/09/2026 09:15
e3abda3b-e377-4daa-b8e3-23970d0b2ce1,arranging.photos,available,15.99,29.99,high,low,9,namesilo,,,20/09/2026 08:47
e4819f58-9648-4072-b109-57fce9de9411,hits.photos,available,15.99,29.99,high,low,4,namesilo,,,19/09/2026 23:53
65bcb5fe-ccee-4259-8b54-64754fc77f9b,floppy.photos,available,8.98,40.98,high,low,6,namecheap,,,18/08/2026 08:51
f6c4c619-3090-4cb4-9acf-9d0bd2257ed6,illusions.photos,available,7.96,24.01,medium,low,9,spaceship,,,29/09/2026 23:03
0a0354e9-10d2-41d1-a15e-c3cff1b3322b,buttery.photos,available,8.98,40.98,medium,low,7,namecheap,,,19/09/2026 18:30
7c74ded2-f4c7-45d8-8406-2d140ebae9ac,hatching.photos,available,15,,high,low,8,unstoppable,,,01/10/2026 01:37
e755f5a5-5270-4da8-a446-1d2bde3166f7,aided.photos,available,15.99,29.99,high,low,5,namesilo,,,19/09/2026 12:43
7085e258-1507-4b67-9d94-4d3e6a07dc10,ternion.photos,available,8.98,40.98,medium,low,7,namecheap,,,
c8d155dd-1c3c-4a3f-a302-7727bd0a8c58,hogan.photos,available,15.99,29.99,high,low,5,namesilo,,,23/09/2026 07:21
7026d717-044a-4703-a910-5ce2368fa07c,benton.photos,available,15.99,29.99,high,low,6,namesilo,,,25/09/2026 17:00
55b3b283-c4fb-4fd1-8df8-ec00f840e7bb,cuteness.photos,available,15.99,29.99,high,low,8,namesilo,,,24/09/2026 20:43
0c3c5fce-9fd0-4cd4-bc34-cc729de24989,polished.photos,available,8.98,40.98,high,low,8,namecheap,,,24/08/2026 23:10
d45b1a09-0c2e-43ac-b718-0a456c20d2a0,fling.photos,available,15,,high,low,5,unstoppable,,,29/09/2026 15:22
77142733-64ee-4a89-9f1f-760dbfc798c0,disciple.photos,available,8.98,40.98,high,low,8,namecheap,,,
fbcb6731-519a-475f-93e1-91a7b4a983e2,megalithic.photos,available,8.98,40.98,medium,low,10,namecheap,,,24/08/2026 19:24
6277eb03-1dab-468b-a997-8312a94757f8,oodles.photos,available,8.98,40.98,high,low,6,namecheap,,,14/09/2026 23:32
a20fd7c9-aa9f-4a98-9cdc-973e2b33d9e2,bellicose.photos,available,8.98,40.98,low,low,9,namecheap,,,09/08/2026 01:44
73d0fe13-dd8e-4a75-9672-8fa9de73f248,biologist.photos,available,8.98,40.98,high,low,9,namecheap,,,23/09/2026 18:26
ced2deb0-ea1e-468d-909b-935dc9d84a12,manufacturer.photos,available,8.24,24.83,medium,low,12,dynadot,,,28/09/2026 20:59
bdb3db87-504c-4289-8f22-5dac3447216c,hedged.photos,available,8.98,40.98,medium,low,6,namecheap,,,21/08/2026 05:50
b4d95602-c24c-4974-97eb-7bee56e55446,interlaced.photos,available,8.98,40.98,medium,low,10,namecheap,,,22/08/2026 08:04
a481d0de-26fe-4792-8530-6ccbe38f5fae,unmarried.photos,available,8.98,40.98,medium,low,9,namecheap,,,12/09/2026 15:26
6e09c15a-374d-4566-bd25-5981ac77a959,boom.photos,available,23.2,23.2,high,medium,4,cloudflare,,,27/09/2026 15:32
a6157901-1975-4975-9bc7-83ab915d60ef,pastorale.photos,available,8.98,40.98,medium,low,9,namecheap,,,08/09/2026 10:10
d819e77b-0f5d-428a-bb84-5d3a31583f82,lakewood.photos,premium,23.6,23.6,medium,low,8,namesilo,,,28/09/2026 16:53
896d933e-8816-4ff5-8ff9-58c07685c16b,discrete.photos,available,8.98,40.98,high,low,8,namecheap,,,14/08/2026 10:02
704894fa-e05c-4c36-8ab1-a197332137ac,commanders.photos,available,7.96,24.01,medium,low,10,spaceship,,,29/09/2026 17:02
65c77fae-7a82-4c57-bdad-3fc15a47d9b1,collapses.photos,available,15.99,29.99,low,low,9,namesilo,,,20/09/2026 09:36
2087d6b9-39f4-44d7-bcee-5e3435a24445,dwelling.photos,available,15.99,29.99,high,low,8,namesilo,,,29/09/2026 17:19
1f387708-dabf-4ad7-80d4-0f12fe469d48,stab.photos,available,7.96,24.01,high,low,4,spaceship,,,28/09/2026 02:12
b889f951-18a7-4178-9926-9d9cf8112643,onwards.photos,available,8.98,40.98,high,low,7,namecheap,,,14/09/2026 19:51
fd3629ef-c9e5-4ffb-85ee-a697243b6519,tougher.photos,available,15.99,29.99,medium,low,7,namesilo,,,29/09/2026 11:36
ee7457cf-9697-44f8-aa77-54c9b5549780,monopoly.photos,available,15.99,29.99,high,low,8,namesilo,,,30/09/2026 05:10
3be07573-56b5-45e4-9493-28d1274e85a7,mozart.photos,available,15.99,29.99,high,low,6,namesilo,,,28/09/2026 14:56
7f337b6d-1376-43c6-a91f-874218326b3b,samuels.photos,available,15.99,29.99,medium,low,7,namesilo,,,29/09/2026 09:53
a40d1d58-4ea1-4d57-b6e0-4c5fb5e80a87,implant.photos,available,8.98,40.98,high,low,7,namecheap,,,29/09/2026 13:06
e2ad13ff-bbe0-49b7-ad70-633c3c0b8b9f,buck.photos,available,23.2,23.2,high,low,4,cloudflare,,,29/09/2026 04:54
021bb1b6-9e3a-4f22-b54a-97cdf5b94b7d,exon.photos,available,15.99,29.99,medium,low,4,namesilo,,,30/09/2026 01:04
bb7dacd7-fe4f-4650-9ae0-b653cae91688,lammas.photos,available,15.99,29.99,medium,low,6,namesilo,,,21/09/2026 03:43
26682300-7a70-4124-8cbf-e2f70d3a2247,pinwheel.photos,available,8.98,40.98,high,low,8,namecheap,,,17/09/2026 12:41
007d405e-f965-4581-a5d9-cbaece72ae5e,bunch.photos,available,15,,high,low,5,unstoppable,,,29/09/2026 05:23
e61d0710-0169-4bc1-ab66-aa054ce69720,ttyl.photos,available,14.99,,medium,low,4,name.com,,,
0831ff10-ec2d-4acd-8c18-cc49c6ad7109,chard.photos,available,15.99,29.99,medium,low,5,namesilo,,,23/09/2026 10:59
9c880b67-9212-4625-9ea6-8fb5d14ece62,negative.photos,available,15.99,29.99,high,low,8,namesilo,,,24/09/2026 11:09
d8adb1e9-a7a1-4004-989e-f374e67de778,dumas.photos,available,15.99,29.99,medium,low,5,namesilo,,,18/09/2026 05:57
bf462097-6100-4afe-bc26-995db6fb87e1,luciano.photos,available,23.2,23.2,medium,low,7,cloudflare,,,29/09/2026 05:56
6f1b4485-05fc-4f1f-978b-1bf22fe590b3,acrylamide.photos,available,15.99,29.99,medium,low,10,namesilo,,,17/09/2026 04:00
93a2252a-4b22-4b99-8d4f-6085ec2945d0,ceiling.photos,available,15.99,29.99,high,low,7,namesilo,,,24/09/2026 13:23
3afe14a6-4b67-4591-9019-6f4fdf970e54,biosensors.photos,available,15.99,29.99,medium,low,10,namesilo,,,21/09/2026 02:37
3aad2a00-caaf-4efb-a4b3-734f3650db2a,convolve.photos,available,8.98,40.98,medium,low,8,namecheap,,,13/08/2026 00:01
d4a29c97-7c69-4fdc-9685-8b605d44ed04,calhoun.photos,available,15.99,29.99,medium,low,7,namesilo,,,27/09/2026 03:19
672abdb1-dbfd-4efd-b84a-9718d89fa815,texan.photos,available,8.98,40.98,high,low,5,namecheap,,,11/09/2026 12:15
afa4cc08-259b-4480-9611-4dacb496c810,hafnium.photos,available,8.98,40.98,medium,low,7,namecheap,,,20/09/2026 23:42
136400b8-d281-4409-b5c2-372b8cb9a41a,sheet.photos,available,15.99,29.99,high,low,5,namesilo,,,29/09/2026 01:47
698fcab7-ec97-4e76-ada4-018806fd8e58,self.photos,premium,242,242,high,medium,4,namesilo,,,19/09/2026 02:59
9e3ffbab-9e3e-414d-b1ce-00cd62f8d977,guessed.photos,available,7.96,24.01,low,low,7,spaceship,,,29/09/2026 11:03
9a3e8f87-f9e7-4c53-aa2a-f7b1e1a73040,joachim.photos,available,15.99,29.99,high,low,7,namesilo,,,27/09/2026 04:35
8ed90856-5e06-41c6-a197-895e7db39c5c,bacca.photos,available,15.99,29.99,high,low,5,namesilo,,,21/09/2026 13:55
d2511b9f-f9a3-4ab5-9fb3-6748d86057d5,amicable.photos,available,15.99,29.99,high,low,8,namesilo,,,22/09/2026 04:19
e3e20e0b-bda3-4116-89d0-169184d7d7ee,doubling.photos,available,8.24,24.2,high,low,8,porkbun,,,29/09/2026 16:36
6d8b24c4-e152-4e34-8dec-576195a2ef61,threatened.photos,available,8.98,40.98,medium,low,10,namecheap,,,11/09/2026 14:13
beed35c3-4f82-4bb7-b8db-70c28f7ecef4,clonic.photos,available,8.98,40.98,medium,low,6,namecheap,,,12/08/2026 12:02
f4b87dba-39fa-4128-b5da-e53415fa9a6d,creditably.photos,available,8.98,40.98,medium,low,10,namecheap,,,14/09/2026 09:30
1cb51119-4737-4c22-b07b-d06eef38cc46,vibrate.photos,available,23.2,23.2,high,low,7,cloudflare,,,30/09/2026 20:16
7503b325-5766-483c-b7af-18467f7e2737,resist.photos,available,15.99,29.99,high,low,6,namesilo,,,21/09/2026 22:09
c770da9c-edd5-4d68-b878-532d88c15116,horizontal.photos,available,8.98,40.98,high,low,10,namecheap,,,21/08/2026 14:00
1bd4c423-d3d8-4f36-bd14-c96aed0b2532,keyset.photos,available,15.99,29.99,low,low,7,namesilo,,,21/09/2026 00:17
55270c42-bdeb-4712-a3c5-80a9d6d125f4,dude.photos,available,14.99,35.99,high,low,4,name.com,,,13/08/2026 17:07
3bae918a-7095-424b-86ac-0472d8ef2bd5,wily.photos,available,8.98,40.98,medium,low,4,namecheap,,,13/08/2026 04:38
a964dcec-f536-4807-b3d8-a89d6fe2e322,origin.photos,available,8.98,40.98,high,low,6,namecheap,,,08/09/2026 13:23
968b7602-1ef3-4a51-b6de-fc99f7690851,massage.photos,available,8.24,24.83,high,low,7,dynadot,,,30/09/2026 03:59
ca20519e-787b-4b18-8cc5-1d642dac2904,kenyon.photos,available,23.2,23.2,medium,low,6,cloudflare,,,28/09/2026 04:16
00f14ffa-739f-4728-9078-f2673460e9f9,ackerman.photos,available,15,,medium,low,8,unstoppable,,,28/09/2026 18:14
5170f81b-7898-4d8d-8efa-646bb75949fe,heartening.photos,available,8.98,40.98,medium,low,10,namecheap,,,21/08/2026 02:09
54b3ffa7-6ec4-40ce-a418-f18f54c29d79,ruining.photos,available,15,,medium,low,7,unstoppable,,,29/09/2026 19:30
0d996337-677d-41d2-b4d2-4609beea239f,devotee.photos,available,8.98,40.98,high,low,7,namecheap,,,11/08/2026 07:49
b2e6a00c-a663-4deb-a7d3-1a46755e3331,gods.photos,premium,28,28,high,low,4,namecheap,,,
7107b94a-88de-4252-bc49-081cdcfb9854,razorback.photos,available,8.98,40.98,high,low,9,namecheap,,,09/09/2026 10:48
1f82a037-68da-4bb5-8876-2d2490eb06fe,patiently.photos,available,8.98,40.98,medium,low,9,namecheap,,,15/09/2026 19:20
2af63c54-b061-46f9-ae7b-b45d5974ff5c,hose.photos,available,15.99,29.99,medium,low,4,namesilo,,,28/09/2026 14:27
a54c93d5-8e4c-4a50-9bff-9c5d1bf2b1b8,loire.photos,available,15.99,29.99,medium,low,5,namesilo,,,28/09/2026 14:48
c56e7e18-124a-47f1-a4c3-737892f63bca,plumber.photos,available,15,,high,low,7,unstoppable,,,29/09/2026 20:00
a1884305-b7ef-480c-9fd7-3df55898dbf6,herrick.photos,available,15.99,29.99,medium,low,7,namesilo,,,29/09/2026 01:17
82278788-097a-4784-a977-1d1a08259f58,anomic.photos,available,8.98,40.98,medium,low,6,namecheap,,,
2e873abd-5362-477c-9ac3-04a69cca0906,broached.photos,available,8.98,40.98,medium,low,8,namecheap,,,
cefbaebb-1175-4708-8700-cee7d8e958b3,accentual.photos,available,8.98,40.98,medium,low,9,namecheap,,,
ed1b7b1e-b818-4e10-8a3b-25d8247cb941,sweetly.photos,available,8.98,40.98,high,low,7,namecheap,,,11/09/2026 05:33
58129b13-55a7-4e11-99c5-857496598a80,homework.photos,available,7.96,24.01,high,low,8,spaceship,,,28/09/2026 06:00
80aad71b-48a1-4a9b-ba86-4fce286c3196,dormitory.photos,available,7.96,24.01,high,low,9,spaceship,,,29/09/2026 12:05
c0515179-f949-48bf-94b1-74a3a9ba03b1,anisotropy.photos,available,15.99,29.99,medium,low,10,namesilo,,,19/09/2026 09:38
e7101912-1814-433a-9d52-f58ce2cac8fd,narration.photos,available,8.98,40.98,high,low,9,namecheap,,,03/09/2026 13:18
531e2f04-5d6e-4a34-8be5-5d6d83d20dc9,germanic.photos,available,8.98,40.98,high,low,8,namecheap,,,18/08/2026 22:46
6e7d372b-16b3-4aed-9935-8384da7fed06,shiloh.photos,available,15.99,29.99,medium,low,6,namesilo,,,22/09/2026 15:39
a2027aa9-a2a4-4374-b04c-06458e1836d4,monetary.photos,available,8.98,40.98,high,low,8,namecheap,,,25/09/2026 21:29
f917477e-2feb-43cf-b73a-a454f989c999,backstroke.photos,available,15.99,29.99,high,low,10,namesilo,,,21/09/2026 16:09
bc05817a-0380-44f2-bbce-2abf722645b7,rotten.photos,available,15.99,29.99,high,low,6,namesilo,,,24/09/2026 01:35
4be0e2d4-4b96-4d50-be10-c0e5c1833ad7,marcellus.photos,available,8.98,40.98,medium,low,9,namecheap,,,29/09/2026 15:33
83972b29-a3f5-4190-8371-753f6d4748a6,ellington.photos,available,15.99,29.99,medium,low,9,namesilo,,,28/09/2026 09:32
db31b53a-eae3-4611-82f3-f72dc09c026c,ismaili.photos,available,8.98,40.98,high,low,7,namecheap,,,22/08/2026 10:53
ba57f8c8-35d1-4e3f-a031-4b2427154aab,swarthy.photos,available,8.98,40.98,medium,low,7,namecheap,,,11/09/2026 05:25
c1dde1e2-f6a2-4c86-8ebf-7b5cf92a8e68,qian.photos,available,15.99,29.99,high,low,4,namesilo,,,29/09/2026 10:05
9795b6ff-8a65-4a50-8a3d-a16430f03207,programme.photos,available,15.99,29.99,high,low,9,namesilo,,,24/09/2026 16:59
7bbb4fc8-37ba-4ec7-8c64-576d32614abf,wolfbane.photos,available,15.99,29.99,medium,low,8,namesilo,,,17/09/2026 02:09
619176ae-b33b-4255-9908-c009f895776b,skeleton.photos,available,15,,high,low,8,unstoppable,,,28/09/2026 10:56
acede5df-3c12-431a-9ecf-e5a5d0e18f46,indulge.photos,available,15.99,29.99,high,low,7,namesilo,,,21/09/2026 13:04
a476ec0e-6f52-4748-946d-574b331645aa,checkered.photos,available,8.98,40.98,high,low,9,namecheap,,,12/08/2026 03:38
b6800fdc-8f25-43ff-bf38-ebe2c7f8ce44,chalk.photos,available,8.24,24.2,high,low,5,porkbun,,,28/09/2026 05:27
854d2f7f-b043-43f0-aab7-62f5c8095a71,sixthly.photos,available,8.98,40.98,medium,low,7,namecheap,,,16/09/2026 02:03
0fa89f1e-9277-4c09-8a37-58149a70c22e,nestled.photos,available,8.98,40.98,high,low,7,namecheap,,,03/09/2026 15:46
f6cb5d64-271c-4f9b-98c2-5e13769da82f,horsefish.photos,available,8.98,40.98,medium,low,9,namecheap,,,20/09/2026 21:39
9b7f818d-319f-4a62-af74-dbbf2c46268d,cans.photos,available,8.98,40.98,medium,low,4,namecheap,,,18/09/2026 22:47
275b53db-d99d-4352-87ac-d9af51210d11,uncured.photos,available,8.98,40.98,medium,low,7,namecheap,,,12/09/2026 06:39
d7029b5a-d82c-4807-b5ca-c1f2be2ade64,mckinney.photos,premium,23.6,23.6,high,low,8,namesilo,,,28/09/2026 04:20
13ebfd7b-886c-492f-b2c2-a0881819a22a,penalty.photos,available,8.98,40.98,high,low,7,namecheap,,,27/09/2026 04:58
82e1af49-5f86-4705-9495-e4cbaa6ec1e9,hierarchy.photos,available,15,,high,low,9,unstoppable,,,30/09/2026 10:07
c673551f-a180-49d7-97cc-c5dd1a90c19e,trajectory.photos,available,8.24,24.2,high,low,10,porkbun,,,29/09/2026 20:33
40c4b84d-1fdc-422a-b70c-ed6700adb7ac,edified.photos,available,8.98,40.98,medium,low,7,namecheap,,,15/08/2026 09:32
a336b0a0-6012-4fb6-8ad4-bc6490ec67d2,squawky.photos,available,8.98,40.98,low,low,7,namecheap,,,11/08/2026 12:26
c885cf15-05ab-4751-83fe-560081d158a5,barkeep.photos,available,15.99,29.99,high,low,7,namesilo,,,22/09/2026 06:22
dad1f580-106b-4de0-ac30-a4cdec7db7c6,ssw.photos,available,15.99,29.99,high,low,3,namesilo,,,16/09/2026 05:21
376c9577-1a32-4efc-8a82-6fa56bc8b16c,slimly.photos,available,8.98,40.98,medium,low,6,namecheap,,,16/09/2026 02:34
cfbebe0c-fdc8-4ffd-8502-952976de7ece,rearing.photos,available,8.98,40.98,high,low,7,namecheap,,,09/09/2026 11:04
d62f5f73-6899-4e70-a1ff-83f1faf68515,peaked.photos,available,23.2,23.2,medium,low,6,cloudflare,,,29/09/2026 21:11
12eca16b-411b-427a-aeaf-84f8aceb2e2b,smear.photos,available,8.98,40.98,high,low,5,namecheap,,,29/09/2026 18:01
308e6ca9-90ac-4515-9b40-dfdb9b1fa8d3,deltoid.photos,available,8.98,40.98,medium,low,7,namecheap,,,14/08/2026 00:50
6a926e27-67c6-4d04-adde-8a7dc77d93b5,carpus.photos,available,8.98,40.98,medium,low,6,namecheap,,,20/09/2026 11:32
e866d4dd-ea7c-4720-8781-5dc6bf719f9a,spike.photos,available,15.99,29.99,high,low,5,namesilo,,,19/09/2026 15:31
a27bec25-1aa0-4c2c-9ef0-665ab687c67a,satin.photos,available,7.96,24.01,high,low,5,spaceship,,,30/09/2026 02:46
73287503-0a06-46a7-8ce1-58b21005d4cd,ships.photos,available,8.98,40.98,medium,low,5,namecheap,,,18/09/2026 14:07
3616c0c0-65d4-4f69-9fa2-b19a07b7c782,tillable.photos,available,8.98,40.98,medium,low,8,namecheap,,,06/08/2026 11:25
70411476-a0fa-4988-bcc6-f977c5851aa0,unafraid.photos,available,8.98,40.98,high,low,8,namecheap,,,10/09/2026 01:28
5103ad86-8e5c-4e25-97e5-973c9bcb42b7,folklore.photos,available,14.99,51.99,high,low,8,godaddy,,,30/09/2026 01:40
ea712473-22d4-4aa1-a8e4-677491d9e896,kechua.photos,available,8.98,40.98,medium,low,6,namecheap,,,22/08/2026 15:23
c55e7885-9cb6-40ba-908c-f83f7b296bfe,avoided.photos,available,23.2,23.2,low,low,7,cloudflare,,,29/09/2026 05:05
17bab64b-2a5e-41f6-b0b3-0cbf111974ce,graphical.photos,available,8.98,40.98,high,low,9,namecheap,,,20/08/2026 18:11
fc9f6108-e46f-48ba-b47c-44e3ea06bdf7,stuck.photos,available,7.96,24.01,medium,low,5,spaceship,,,28/09/2026 01:42
d7dd405b-8fc2-4f6a-8da0-df965dd3fc08,kao.photos,available,7.96,24.01,medium,low,3,spaceship,,,30/09/2026 13:44
0ad0821a-f61a-46ee-97e6-b907a5a9fb60,autotroph.photos,available,15.99,29.99,medium,low,9,namesilo,,,21/09/2026 07:36
0d291b19-e879-4d89-b30e-f7adc216aeb3,martial.photos,available,8.98,40.98,high,low,7,namecheap,,,24/08/2026 16:36
88d8ae16-b595-4787-8d78-2fd1ba500117,argonne.photos,available,15.99,29.99,medium,low,7,namesilo,,,20/09/2026 04:36
cbb1ba9e-cfce-433a-b807-026db67b9508,sexy.photos,resell,,,high,low,4,"GoDaddy.com, LLC",12/09/2015 17:28,12/09/2027 17:28,26/09/2026 08:57
cb6789e0-5462-4f4f-a564-421a6419cb73,overcomes.photos,available,8.98,40.98,medium,low,9,namecheap,,,21/09/2026 04:26
01c1e9fc-ef01-45da-988d-df18c8d8ea24,unsinkable.photos,available,8.98,40.98,medium,low,10,namecheap,,,12/09/2026 19:58
798dbae3-f247-46e4-af00-0794ff148570,dogsit.photos,available,14.99,,high,low,6,name.com,,,
5ba228fc-761b-4add-8d3b-2ad8b3cb34c5,vedic.photos,available,8.98,40.98,medium,low,5,namecheap,,,13/09/2026 01:37
1691523a-a282-4cf2-b700-360a6260ab19,prenatal.photos,available,15.99,29.99,high,low,8,namesilo,,,22/09/2026 05:55
8700ff92-e841-4956-864d-436a1c74135b,jewels.photos,available,15.99,29.99,high,low,6,namesilo,,,18/09/2026 06:31
836169ae-5db1-4e2b-8e6c-8b2df01d93c6,genial.photos,available,15.99,29.99,high,low,6,namesilo,,,21/09/2026 21:42
15240369-6a26-4025-becb-90109de735ce,pls.photos,available,14.99,,high,low,3,name.com,,,
7d233b9d-4a5f-4d0d-975a-60d68e7f2cb9,demolition.photos,available,15.99,29.99,high,low,10,namesilo,,,24/09/2026 21:50
e9d1ef83-2e2f-4c6b-a133-8527b44b8514,dispersal.photos,available,15.99,29.99,high,low,9,namesilo,,,24/09/2026 22:58
7134ca3f-9725-4b62-8e95-926f15a31014,shoreline.photos,available,15.99,29.99,high,low,9,namesilo,,,30/09/2026 11:01
030a8724-f32e-4ad4-91cd-e00729eae514,disposed.photos,available,14.99,,high,low,8,name.com,,,
f049f370-5845-4b38-9624-d5019eaa6f0c,papa.photos,available,15.99,29.99,high,low,4,namesilo,,,27/09/2026 04:37
af5f0019-4545-4204-bcd4-a1f4a42251a2,pommel.photos,available,15.99,29.99,medium,low,6,namesilo,,,23/09/2026 13:53
b6090ab8-30e0-4fb2-a1f8-bac59049856b,monstrous.photos,available,8.98,40.98,medium,low,9,namecheap,,,07/08/2026 14:47
f4d26c2e-d028-4bb3-96b1-e331b2255303,acropetal.photos,available,8.98,40.98,medium,low,9,namecheap,,,
0108863d-82af-4f14-946b-b8a3230e2627,excitedly.photos,available,8.98,40.98,medium,low,9,namecheap,,,14/09/2026 16:52
bec0f069-adb3-453e-825e-29c02dce2c71,chichi.photos,available,8.98,40.98,high,low,6,namecheap,,,12/08/2026 04:46
4612903e-6f2a-4039-bfb6-e071f5e63e1c,bradshaw.photos,available,7.96,24.01,high,low,8,spaceship,,,27/09/2026 18:05
b411b669-6612-47a8-88ae-ad06693cc505,etched.photos,available,8.98,40.98,high,low,6,namecheap,,,17/08/2026 07:41
d4a70516-16b6-40e8-927f-dc5d258360e0,tracker.photos,available,7.96,24.01,high,low,7,spaceship,,,30/09/2026 03:03
f7642a81-f815-4e92-a5e9-c4342e463e26,wit.photos,available,15.99,29.99,high,low,3,namesilo,,,24/09/2026 08:03
1e549db4-5a7f-422d-97f8-3baaa8bd43e0,camomile.photos,available,15.99,29.99,medium,low,8,namesilo,,,19/09/2026 13:02
7d95f82b-1036-4523-b860-99d0e487c04e,bury.photos,premium,23.6,23.6,high,low,4,namesilo,,,30/09/2026 16:51
03c90cda-e5d7-47c3-b6ea-326eb40a85df,scratchy.photos,available,8.98,40.98,medium,low,8,namecheap,,,
7b88d0cb-7843-4305-81ef-738b8f5eada8,pertinence.photos,available,15.99,29.99,medium,low,10,namesilo,,,19/09/2026 21:52
d05ef8aa-9cbb-4018-bbc2-13e5bcaba5f9,heads.photos,available,7.96,24.01,high,low,5,spaceship,,,01/10/2026 03:58
805a32a3-ecd0-4926-9397-8d90dffe05bc,bathrooms.photos,available,7.96,24.01,medium,low,9,spaceship,,,30/09/2026 07:24
c7948d1a-43f7-4954-b48e-d4ec6a282c02,aired.photos,available,8.98,40.98,high,low,5,namecheap,,,
4222ec08-97b4-4eec-ac98-b4fa8bb2a472,yearly.photos,available,15.99,29.99,high,low,6,namesilo,,,28/09/2026 11:15
85d2f1db-0058-4471-b348-e74673464c0d,continuous.photos,available,15.99,29.99,high,low,10,namesilo,,,23/09/2026 22:20
b1a67bb3-6c23-469d-9e8b-2abed3520913,existence.photos,available,15,,high,low,9,unstoppable,,,28/09/2026 10:53
1e465b68-a1c6-4809-a097-abd1f296cc72,perdurable.photos,available,8.98,40.98,medium,low,10,namecheap,,,08/09/2026 16:24
51e868b8-2a3a-43ec-93c3-a50f48a81c0e,bobtail.photos,available,8.98,40.98,high,low,7,namecheap,,,10/08/2026 16:39
15193af4-64bb-4d07-a475-1157096f70f9,masonic.photos,available,8.98,40.98,high,low,7,namecheap,,,24/08/2026 16:39
9b597350-e4c9-4d00-9bab-14fecac56e99,waterfront.photos,available,8.24,24.83,high,low,10,dynadot,,,30/09/2026 03:05
5039bd69-2ec2-4f4e-bffc-ade5649ec864,shooters.photos,available,15.99,29.99,high,low,8,namesilo,,,01/10/2026 00:26
a3f01292-dca5-4983-aba4-29881a0bc674,eligible.photos,available,8.98,40.98,high,low,8,namecheap,,,16/08/2026 04:35
ec41fa3d-9396-4e71-8a34-b217c051e9f0,fueled.photos,available,8.98,40.98,medium,low,6,namecheap,,,18/08/2026 17:37
27bcd0e5-93d8-4186-8b66-70ce2e0571d0,napkin.photos,available,15.99,29.99,high,low,6,namesilo,,,28/09/2026 08:00
01db2bbb-6fbf-435c-9c5a-29d55d280693,wallow.photos,available,15.99,29.99,medium,low,6,namesilo,,,23/09/2026 16:37
944f1721-97f1-4b69-a2cd-e244172d1c85,shafts.photos,available,8.98,40.98,medium,low,6,namecheap,,,30/09/2026 15:34
2c3296b6-58e9-4f5e-b0ab-fc72a436faad,antitoxin.photos,available,15.99,29.99,medium,low,9,namesilo,,,19/09/2026 15:12
77cff5d7-30f0-4049-8d58-5540f62778e7,synagogue.photos,available,15,,high,low,9,unstoppable,,,30/09/2026 11:08
77d16e3c-da60-4c20-9bd3-ea9bfd4d7271,scandent.photos,available,8.98,40.98,medium,low,8,namecheap,,,09/09/2026 22:32
c40d6c9e-984e-41c1-977a-9e3d52321adb,about.photos,premium,128.7,128.7,high,low,5,namecheap,,,21/09/2026 14:03
ddcaa0ae-26aa-439b-8628-055f2eeb6ae0,branch.photos,available,15.99,29.99,high,low,6,namesilo,,,29/09/2026 03:57
3ea03026-f22c-467d-9703-271b6cfbb3f4,poll.photos,available,8.24,24.83,high,low,4,dynadot,,,29/09/2026 06:42
bc122dbd-9dfe-4d83-9d5d-527a01574d70,mentally.photos,available,8.98,40.98,medium,low,8,namecheap,,,15/09/2026 14:13
b3dc28fa-3ded-44a0-a1d0-9d52e8ab0a05,jar.photos,available,15.99,29.99,high,low,3,namesilo,,,30/09/2026 00:42
d081e34f-d1fa-4ab3-8e30-82f8dfd8738a,jewelled.photos,available,8.98,40.98,medium,low,8,namecheap,,,18/08/2026 21:12
a46b3481-f1c6-40cd-b296-f323234eada8,classifier.photos,available,15,,high,low,10,unstoppable,,,01/10/2026 01:28
c072d685-6835-4195-a127-99178d731b9c,flattened.photos,available,8.98,40.98,medium,low,9,namecheap,,,18/08/2026 06:55
cdc89743-117e-46d3-ba34-aa5867229612,enviable.photos,available,15.99,29.99,high,low,8,namesilo,,,24/09/2026 14:16
caace40d-ea9d-4d7c-8507-1c143469b0be,lucie.photos,available,7.96,24.01,medium,low,5,spaceship,,,28/09/2026 21:31
f8c0e94f-f29b-4dd8-80f2-4449cb8f2b3f,grows.photos,available,15.99,29.99,medium,low,5,namesilo,,,27/09/2026 10:10
75c3f598-4944-4892-a531-eceb9c83b1fc,bellamy.photos,available,8.98,40.98,medium,low,7,namecheap,,,28/09/2026 12:15
5d3ce2a1-49a6-43a9-a795-9c4500b40f34,calorific.photos,available,8.98,40.98,medium,low,9,namecheap,,,11/08/2026 15:12
b9e5e2b8-0a4c-4aa4-a569-aa26059ef667,frugal.photos,available,8.98,40.98,high,low,6,namecheap,,,18/08/2026 16:57
1b3cd6e8-1248-4f3b-a29a-8730ad0110d2,wilmot.photos,available,15.99,29.99,medium,low,6,namesilo,,,29/09/2026 16:33
2e388cd2-3469-4288-b00d-b8e5a8b5c3b7,crimes.photos,available,14.99,,high,low,6,name.com,,,
95d0b071-ae3d-4bd2-b21d-0fe90ad72512,snugly.photos,available,8.98,40.98,medium,low,6,namecheap,,,16/09/2026 03:31
b0087a2c-e0a2-4453-bdb2-3be84a0d6942,usernames.photos,available,15.99,29.99,medium,low,9,namesilo,,,20/09/2026 06:18
cf7a43d8-d9c6-46e7-b976-bda5f8c0c648,substitute.photos,available,15.99,29.99,high,low,10,namesilo,,,22/09/2026 02:40
76a054b4-adef-4418-bf87-af5f695ec9f3,ventral.photos,available,8.98,40.98,high,low,7,namecheap,,,
ef855524-ab9c-4a04-a2d8-fdcd052d7d42,weaker.photos,available,15,,low,low,6,unstoppable,,,29/09/2026 05:14
4f2117ba-66b8-44d0-8e70-1128982083c2,columns.photos,available,7.96,24.01,low,low,7,spaceship,,,28/09/2026 23:03
f9068977-d999-4274-b336-442be09939dc,zipper.photos,available,15.99,29.99,high,low,6,namesilo,,,01/10/2026 03:44
45122c47-66b9-4fc4-92c0-00ba5802fe6a,copernican.photos,available,8.98,40.98,medium,low,10,namecheap,,,13/08/2026 00:26
b6d973ea-aad9-4836-9609-4c76fa367fe0,pumpkin.photos,available,15.99,29.99,high,low,7,namesilo,,,21/09/2026 08:26
e13587b3-69b4-4c13-b5c6-7e9e09bdd7e6,nonlinear.photos,available,8.98,40.98,medium,low,9,namecheap,,,03/09/2026 19:44
7c8fba9b-2672-4f8d-8cae-84606bf59c7b,pneumonia.photos,available,23.2,23.2,medium,low,9,cloudflare,,,28/09/2026 06:36
ebf9ba48-bdfe-40cc-88cc-d8ed56606f43,motorcoach.photos,available,15.99,29.99,medium,low,10,namesilo,,,21/09/2026 06:31
9b7d9ea3-ed90-464f-b22f-a09d68e252ef,cleave.photos,available,15.99,29.99,medium,low,6,namesilo,,,24/09/2026 15:43
4ba6ecda-3b1f-4e97-986d-6baafd490cfc,kangaroo.photos,available,7.96,24.01,high,low,8,spaceship,,,29/09/2026 07:23
4a296eec-387e-4b33-8a8a-655e5a37f30f,adults.photos,premium,118.8,118.8,medium,low,6,namesilo,,,27/09/2026 09:52
22a99ede-d5e8-48dc-be7a-43e600cae9df,appetite.photos,available,8.98,40.98,high,low,8,namecheap,,,19/09/2026 20:41
e26447a3-05ed-451e-a08d-ce85d858338a,meantime.photos,available,8.98,40.98,high,low,8,namecheap,,,25/09/2026 10:12
191cd0b1-01e4-479f-9751-3088256ef090,taller.photos,available,15.99,29.99,medium,low,6,namesilo,,,19/09/2026 00:16
ed904df9-9e07-44a7-be35-77e8a186e10f,mayo.photos,available,7.96,24.01,high,low,4,spaceship,,,30/09/2026 10:34
c81d4d38-9b88-4a6c-86d5-c87b3c80b7dd,sapient.photos,available,8.98,40.98,high,low,7,namecheap,,,08/09/2026 18:03
7cf01ae9-940b-4977-aede-8051201ca1c1,prox.photos,available,8.98,40.98,medium,low,4,namecheap,,,09/09/2026 04:42
b36b571c-351a-4f64-bf44-4035bb4e83d6,galway.photos,premium,20.9,20.9,high,low,6,spaceship,,,28/09/2026 09:51
70bdf73c-5cd6-49af-bb6a-2ed6bbc23ca6,narratives.photos,available,15.99,29.99,medium,low,10,namesilo,,,20/09/2026 10:13
46d2a616-eca5-411d-80fd-1a43753c265a,formless.photos,available,8.98,40.98,medium,low,8,namecheap,,,
c72ac764-90ec-436f-b073-8de720d2c57d,priorities.photos,available,23.2,23.2,medium,low,10,cloudflare,,,28/09/2026 17:39
f8a1b7f9-edc2-4e13-b629-28ce0e661f36,johansson.photos,available,8.24,24.2,medium,low,9,porkbun,,,29/09/2026 03:51
4ea60f03-7836-4430-a0bb-6b89068950d0,archosaur.photos,available,8.98,40.98,medium,low,9,namecheap,,,06/08/2026 15:57
72dcf4ea-d61a-4396-9bb1-eb7a29aaf663,ohmygosh.photos,available,14.99,,high,low,8,name.com,,,
4b4e726e-415d-4e79-af84-07160bd28228,pushkin.photos,available,15.99,29.99,high,low,7,namesilo,,,18/09/2026 05:07
fe507fec-8cf5-44f9-8876-a87b20752fc3,goggles.photos,available,15.99,29.99,high,low,7,namesilo,,,30/09/2026 17:29
136227cb-fe64-48a1-866d-f0d20d7517a6,sars.photos,available,8.98,40.98,medium,low,4,namecheap,,,29/09/2026 20:17
1f828c8d-d305-49b1-b2bb-1f8181df4a27,tamarack.photos,available,8.98,40.98,medium,low,8,namecheap,,,18/09/2026 20:18
7d189cde-1eff-4259-89ca-e5c18e721bfe,misconduct.photos,available,15.99,29.99,medium,low,10,namesilo,,,17/09/2026 05:28
74314d79-96b3-44f3-9fd4-3f53b93540fe,relating.photos,available,14.99,,high,low,8,name.com,,,
1527a0cc-1e11-4ee8-af55-3e414165ffe1,tiger.photos,resell,,,high,medium,5,Dynadot Inc,09/07/2026 17:00,09/07/2027 17:00,26/09/2026 09:38
97474bcb-cda0-4db7-a992-7ac443aa4288,heine.photos,available,7.96,24.01,high,low,5,spaceship,,,29/09/2026 15:16
6deb1ea0-bae0-46f2-a773-07fd435e91a4,hunted.photos,available,8.98,40.98,medium,low,6,namecheap,,,21/08/2026 15:43
c1a0b507-b64c-4e8d-8a69-8e83902a50a3,bivalve.photos,available,8.98,40.98,high,low,7,namecheap,,,10/08/2026 09:09
de1e609b-30f2-46e6-ba3a-cd9f5302f337,maintained.photos,available,15.99,29.99,high,low,10,namesilo,,,25/09/2026 12:29
880df4c7-367d-41fa-bdb6-b05d55aa12f8,parameters.photos,available,15.99,29.99,medium,low,10,namesilo,,,30/09/2026 00:21
3e2ba97a-5e10-4a69-8082-ab7ceba79145,cinematic.photos,available,8.98,40.98,high,low,9,namecheap,,,12/08/2026 08:13
bf3792c2-166b-4508-ad13-33992f2be60e,alumnus.photos,available,8.98,40.98,high,low,7,namecheap,,,20/08/2026 17:42
e1a99cfd-d9ed-45ab-9d9b-ed3415d88a0f,cornell.photos,available,8.24,24.83,medium,low,7,dynadot,,,29/09/2026 00:29
3ebb2d81-ef8d-482d-8b18-359d38a6bb3f,puffed.photos,available,8.98,40.98,high,low,6,namecheap,,,09/09/2026 05:37
19631e9b-be76-44d4-ade5-903012e9ff38,collegial.photos,available,8.98,40.98,medium,low,9,namecheap,,,12/08/2026 17:06
63c7a386-a5f7-4153-98bc-1e567acf4cc8,weapon.photos,available,15.99,29.99,high,low,6,namesilo,,,25/09/2026 10:57
9305d51b-e0a7-4ec1-864b-a6c6df303d8d,outwards.photos,available,8.98,40.98,medium,low,8,namecheap,,,04/09/2026 19:50
3b422580-2ebd-4d2a-8cd3-383b04ce0c65,archimedes.photos,available,15.99,29.99,medium,low,10,namesilo,,,20/09/2026 02:08
5c070f60-c8ed-47b9-a4c8-d1b07b6247c8,akira.photos,available,7.96,24.01,high,low,5,spaceship,,,29/09/2026 09:49
33554791-c339-46b8-a294-19445b3d8df5,intercede.photos,available,8.98,40.98,high,low,9,namecheap,,,22/08/2026 08:12
a0a947e8-9380-4250-91a8-79ffe7b2f8db,excel.photos,available,7.96,24.01,high,low,5,spaceship,,,30/09/2026 19:22
98e31283-588f-4a0d-8b35-1367aa418682,capsulated.photos,available,8.98,40.98,medium,low,10,namecheap,,,11/08/2026 18:12
1620a109-9fcf-41f2-96de-9cd599b9ff5b,lethal.photos,available,8.98,40.98,high,low,6,namecheap,,,23/08/2026 00:26
f3518e84-f751-477a-9264-eae7a7ce0601,welds.photos,available,8.98,40.98,medium,low,5,namecheap,,,20/09/2026 14:08
e1c31695-3198-4e44-ba29-12afd4c11a46,charms.photos,available,23.2,23.2,medium,low,6,cloudflare,,,29/09/2026 10:30
3589b737-d90c-46ba-a66d-5b1c420fc7d8,spattered.photos,available,14.99,35.99,medium,low,9,name.com,,,13/08/2026 15:15
2c8d2303-22fc-405d-8614-6a62ed51244c,dilate.photos,available,8.98,40.98,high,low,6,namecheap,,,16/08/2026 00:39
70794f71-63be-4794-a5b8-a99fe35c1083,acidity.photos,available,15.99,29.99,medium,low,7,namesilo,,,17/09/2026 01:24
a971490c-ed51-42c4-9436-b924d9c99e61,cale.photos,available,8.98,40.98,high,low,4,namecheap,,,30/09/2026 19:53
91d1a4e7-54a4-436e-ac21-b74d6baa119f,anarchy.photos,available,15.99,29.99,high,low,7,namesilo,,,19/09/2026 02:28
f8ef6421-2002-4bc3-925c-dc48e013abd7,scarlett.photos,available,14.99,,high,low,8,name.com,,,
8504dabd-1d70-463c-bafc-6788f712d8cd,tempering.photos,available,8.98,40.98,medium,low,9,namecheap,,,11/09/2026 10:56
7dacb7a4-a145-4d46-a802-303bcb5e5820,acid.photos,available,8.98,40.98,high,low,4,namecheap,,,
8d44d4ca-830a-485d-9c84-6b784783be70,vincenzo.photos,available,8.24,24.83,medium,low,8,dynadot,,,29/09/2026 04:08
4f1f4aaf-84b7-4058-9e30-2b04cd2a6c19,potato.photos,available,15,,high,medium,6,unstoppable,,,30/09/2026 00:23
6f9063f7-869a-47da-b7c3-9e5cc66235ca,hush.photos,available,8.98,40.98,high,low,4,namecheap,,,09/09/2026 08:50
2ad2a030-66c9-460f-93e3-eb32df9aa5b6,overcome.photos,available,15.99,29.99,high,low,8,namesilo,,,28/09/2026 05:30
6539b612-41f4-4eaf-b203-0df68eb60f93,caesium.photos,available,8.98,40.98,medium,low,7,namecheap,,,20/09/2026 23:16
611f06b4-84cf-4149-b5c0-08b04c599404,provident.photos,available,8.98,40.98,high,low,9,namecheap,,,09/09/2026 04:35
0026e71b-d0c6-475a-a0d4-5de2835f403f,perforate.photos,available,8.98,40.98,high,low,9,namecheap,,,08/09/2026 16:54
406154f7-4faa-46e6-82cf-fd1135b636ef,arachnid.photos,available,8.98,40.98,medium,low,8,namecheap,,,19/09/2026 23:40
35a9b742-869f-4a2c-a77f-1cd6d938c6f1,endorse.photos,available,8.98,40.98,high,low,7,namecheap,,,08/09/2026 09:45
ee58ab05-341e-483f-96a7-c4e6863f16a7,considered.photos,available,8.98,40.98,high,low,10,namecheap,,,23/09/2026 20:51
189f775d-6a16-470b-abe6-233d10a41d3d,alonzo.photos,available,7.96,24.01,medium,low,6,spaceship,,,28/09/2026 17:51
3a94cce9-0dd2-4edc-8ea0-bd133bc6db28,cabot.photos,available,7.96,24.01,medium,low,5,spaceship,,,30/09/2026 08:53
cd58b75e-cfab-41f1-a61b-8caddb72f974,blarney.photos,available,8.98,40.98,high,medium,7,namecheap,,,12/08/2026 14:21
80e962a6-adc5-495a-8031-5b4240f76b53,assessor.photos,available,15.99,29.99,high,low,8,namesilo,,,20/09/2026 16:19
d198b1c7-96eb-492e-8ff4-6a99f092088c,spotty.photos,available,8.98,40.98,medium,low,6,namecheap,,,10/09/2026 16:37
54450a5e-6150-41cd-9494-0a890224885f,repaired.photos,available,8.24,24.83,medium,low,8,dynadot,,,28/09/2026 23:01
0533c6da-ccc9-48fe-a5b0-033915aa93e3,gaudy.photos,available,8.98,40.98,medium,low,5,namecheap,,,18/08/2026 06:37
ca6455fa-9007-448d-8a24-6c345457d8b9,publish.photos,available,23.2,23.2,high,low,7,cloudflare,,,28/09/2026 06:03
8dc33f03-5118-43e8-9941-ebf7657d18ef,inviolable.photos,available,8.98,40.98,medium,low,10,namecheap,,,21/08/2026 23:02
28461039-222c-4db6-a283-5fc072da274e,blackening.photos,available,14.99,35.99,medium,low,10,name.com,,,13/08/2026 18:12
5b940484-bc4c-4f1e-8674-64f05c63d306,pharmaceutical.photos,available,15.99,29.99,high,low,14,namesilo,,,19/09/2026 04:12
6664c318-8660-4235-a08a-14205490708d,clique.photos,available,15.99,29.99,high,low,6,namesilo,,,24/09/2026 15:47
9156292a-7613-4176-a5af-f54a74c9af01,recording.photos,available,8.24,24.2,high,low,9,porkbun,,,30/09/2026 09:21
e6ee5562-302e-43c8-a119-5f2cdd6344f7,possessions.photos,available,7.96,24.01,low,low,11,spaceship,,,28/09/2026 17:10
d362a061-c91e-4af7-a17e-d2c54bfc22c0,foregone.photos,available,8.98,40.98,medium,low,8,namecheap,,,11/08/2026 12:10
12299a0e-bc13-45fd-85ef-1d0bd9c7f531,dreamer.photos,available,15.99,29.99,high,low,7,namesilo,,,24/09/2026 23:59
ce671117-1628-4c0e-8b13-356c52b20c62,insomnia.photos,available,23.2,23.2,high,low,8,cloudflare,,,29/09/2026 13:08
6ed64e27-5c9d-465f-8811-6b2bcbe0c2dc,waken.photos,available,8.98,40.98,high,low,5,namecheap,,,08/08/2026 00:08
e08be1c6-6e94-4c9d-b789-5d37ae660d43,bissau.photos,available,15.99,29.99,medium,low,6,namesilo,,,23/09/2026 22:06
8cca84e1-cffb-475f-ab9b-f0570ca83252,shorts.photos,available,7.96,24.01,high,low,6,spaceship,,,28/09/2026 07:26
6b77c658-438b-445a-bbea-cafc13c2b63c,peaks.photos,available,8.98,40.98,high,low,5,namecheap,,,29/09/2026 17:03
6d829bf4-7bf0-42df-beee-89256f949785,strategies.photos,available,15.99,29.99,medium,low,10,namesilo,,,30/09/2026 07:25
eced42d8-47aa-448a-910a-cc252302fbf2,good.photos,premium,34.36,34.36,high,medium,4,spaceship,,,01/10/2026 02:36
311ffdd1-0357-442a-ac58-43598df875d9,barometric.photos,available,8.98,40.98,medium,low,10,namecheap,,,08/08/2026 20:06
229f44ea-4e1a-4189-ab70-4ca824a34875,simulate.photos,available,8.98,40.98,high,low,8,namecheap,,,10/09/2026 05:47
32056c3c-6389-4b55-b990-66aba681fcaf,dignifying.photos,available,8.98,40.98,medium,low,10,namecheap,,,14/08/2026 07:23
a8e8cfad-de13-4fc9-98b2-9ca980961c8c,musicians.photos,available,7.96,24.01,high,low,9,spaceship,,,28/09/2026 17:31
b8b95382-90df-4beb-9530-dcbf74aec6a5,drunken.photos,available,8.98,40.98,medium,low,7,namecheap,,,09/08/2026 19:02
e2b65dfe-e10f-4e40-9baf-74903521799a,broadloom.photos,available,8.98,40.98,medium,low,9,namecheap,,,11/08/2026 04:59
d50112f9-2df3-4475-a95a-b02d6b5b52a8,nitpicking.photos,available,8.98,40.98,medium,low,10,namecheap,,,19/09/2026 01:08
70a0f5f7-1a51-4a6b-b31d-d4b8dcb0c034,alfredo.photos,available,23.2,23.2,high,low,7,cloudflare,,,28/09/2026 04:35
46748ef2-0758-415f-a280-113345ad1f11,chatter.photos,available,15.99,29.99,high,low,7,namesilo,,,23/09/2026 23:26
7f44aabe-ad5e-4a30-8bfc-d9120fdde729,beachfront.photos,available,8.98,40.98,high,low,10,namecheap,,,22/09/2026 19:04
ddf7198d-1589-4b7d-acbe-fada5f432e61,actuality.photos,available,15.99,29.99,high,low,9,namesilo,,,17/09/2026 05:19
a45e8e52-73b6-4a95-ad53-af579a66afb0,chartres.photos,available,23.2,23.2,medium,low,8,cloudflare,,,29/09/2026 11:53
7cb2afbc-218f-4358-97a5-b7e7897d546a,uncaring.photos,available,8.98,40.98,medium,low,8,namecheap,,,12/09/2026 00:02
e16e2463-cf22-4acc-a28b-59bad4899c0c,motored.photos,available,8.98,40.98,medium,low,7,namecheap,,,25/08/2026 08:30
9cf23f39-de77-46b3-8ce2-4d2b764800f9,addax.photos,available,8.98,40.98,medium,low,5,namecheap,,,17/09/2026 06:40
7acbdd50-2ace-442f-9722-2d3ece835e20,mcl.photos,available,7.96,24.01,high,low,3,spaceship,,,30/09/2026 19:34
4d339882-e538-47e0-829e-f290bbab2966,facilitation.photos,available,15.99,29.99,high,low,12,namesilo,,,17/09/2026 01:02
4ce58359-f368-4f6a-87ff-41bbdd447fe9,aranyaka.photos,available,15.99,29.99,medium,low,8,namesilo,,,20/09/2026 00:08
39715ba5-eb7c-4cd4-bd33-b35710151cdd,chemotherapy.photos,available,15,,medium,low,12,unstoppable,,,29/09/2026 16:06
bfcf8557-f9cf-46e2-9cad-7584f1df758a,wifelike.photos,available,8.98,40.98,medium,low,8,namecheap,,,13/09/2026 00:29
f18c3789-be5a-4a3f-95a4-79c6cfaa35a3,allmouth.photos,available,15.99,29.99,medium,low,8,namesilo,,,18/09/2026 11:45
c46d9ecb-a982-4872-af04-cd4c652d88d0,awn.photos,available,15.99,29.99,high,low,3,namesilo,,,21/09/2026 10:11
03ce526f-24c7-4d52-a8c8-189d12e57187,nay.photos,available,8.98,40.98,medium,low,3,namecheap,,,15/09/2026 16:14
e5633362-a3b1-4a68-98ce-13505baabeee,welshman.photos,available,8.98,40.98,medium,low,8,namecheap,,,13/09/2026 10:44
ac9a7b45-c97b-4c79-b893-9fc17291a59e,file.photos,resell,,,high,medium,4,"Sav.com, LLC - 41",12/03/2026 15:15,12/03/2027 15:15,26/09/2026 06:04
84f4543e-4250-4ebe-8288-3a5ea86d8a03,palmae.photos,available,8.98,40.98,medium,low,6,namecheap,,,20/09/2026 03:32
a92bca8a-8921-4103-a9da-fed87db1ad98,hanged.photos,available,8.98,40.98,medium,low,6,namecheap,,,28/09/2026 08:24
eb503d2a-3da6-477f-bf9c-8c56ebf6ce6c,thermionic.photos,available,8.98,40.98,medium,low,10,namecheap,,,11/09/2026 12:56
91b6eaf2-f0ff-435a-8183-5ada7a0f74a0,stochastic.photos,available,8.98,40.98,medium,low,10,namecheap,,,10/09/2026 20:50
441e8eb5-501a-407d-a0cc-1e095bb323d4,concerted.photos,available,8.98,40.98,high,low,9,namecheap,,,12/08/2026 20:06
5e49fb7f-a4ea-481c-b061-c93bd46cf0bc,randoms.photos,available,15.99,29.99,low,low,7,namesilo,,,19/09/2026 22:13
131a8bc1-57b7-46cb-933c-9ae2d32e208f,misgiving.photos,available,8.98,40.98,medium,low,9,namecheap,,,24/09/2026 23:11
bc55ef4f-dd73-479f-a2e3-5fa22b416322,medusa.photos,available,8.98,40.98,high,low,6,namecheap,,,24/08/2026 19:13
88ad7e36-af1f-47c0-9713-376b3170f6bd,heaven.photos,available,8.98,40.98,high,low,6,namecheap,,,29/09/2026 17:41
4deed73e-4def-4219-9be5-58889c3437bb,airs.photos,available,15.99,29.99,high,low,4,namesilo,,,17/09/2026 23:21
535f57b0-2904-4af8-a694-3c5b7dc5dff6,apsis.photos,available,8.98,40.98,medium,low,5,namecheap,,,19/09/2026 22:40
4e78a1f5-d807-4668-a194-469b1c739fac,himmler.photos,available,7.96,24.01,medium,low,7,spaceship,,,29/09/2026 13:01
79710e0c-a4a9-4eca-862b-7eb3b8e83220,springer.photos,available,8.98,40.98,high,low,8,namecheap,,,01/10/2026 03:51
5098c9bd-d8f0-4739-895c-679c1f6238af,actinium.photos,available,8.98,40.98,medium,low,8,namecheap,,,16/09/2026 19:56
4d0f371e-8cab-4326-9f8d-6a7a8d8a7ded,unaltered.photos,available,8.98,40.98,high,low,9,namecheap,,,12/09/2026 00:30
208b1508-3333-4a07-9fd2-1e6127e6c0ec,spheric.photos,available,8.98,40.98,medium,low,7,namecheap,,,08/08/2026 10:16
5145a669-178a-45df-8eb0-c79ecdb2297f,saba.photos,available,7.96,24.01,high,low,4,spaceship,,,29/09/2026 02:04
56c4b0d8-3ee0-495e-9b21-f5b3c7399c22,machinery.photos,available,15.99,29.99,high,low,9,namesilo,,,01/10/2026 03:43
539761e6-3d57-4a44-bdec-c7329e7f5331,bnp.photos,available,7.96,24.01,high,low,3,spaceship,,,01/10/2026 04:46
b1a17673-5002-48ac-93a0-4904abf84410,cross.photos,available,15.99,29.99,high,low,5,namesilo,,,22/09/2026 16:13
59c3b79e-9dcd-4916-b110-e4555f0f7bf6,flaccid.photos,available,8.98,40.98,medium,low,7,namecheap,,,18/08/2026 06:07
bb1015ee-c3a4-4c7c-a795-1e20d328bdf8,attlee.photos,available,15.99,29.99,medium,low,6,namesilo,,,16/09/2026 12:16
a64c7a9d-7700-4fc1-86e2-a8c461e71517,viruses.photos,available,15,,medium,low,7,unstoppable,,,30/09/2026 06:37
bcf247ba-187a-46fa-9243-c24b9e845b1e,stadia.photos,available,15.99,29.99,high,low,6,namesilo,,,17/09/2026 09:03
eca4080d-10ba-4d60-9f38-87e8675f2ea0,alopecia.photos,available,15.99,29.99,medium,low,8,namesilo,,,18/09/2026 13:18
ba5530f6-7b1e-4f8f-860c-298a91d7fc5f,languages.photos,available,8.98,40.98,medium,low,9,namecheap,,,
19ed6286-9c47-4445-8369-78d209ba7abd,shame.photos,available,7.96,24.01,high,low,5,spaceship,,,29/09/2026 15:43
e58c2489-8e89-4d66-894b-f6d5fe91f612,deathless.photos,available,14.99,35.99,medium,low,9,name.com,,,13/08/2026 20:02
ee18c956-6793-4d5e-8419-6816a656bf52,windswept.photos,available,8.98,40.98,medium,low,9,namecheap,,,13/09/2026 12:16
97f4c70f-b783-4f82-8248-5ca8b0e5cbb7,bids.photos,available,15.99,29.99,medium,low,4,namesilo,,,29/09/2026 15:47
1fb962e5-0c8e-4ee7-a935-069b9a1ede60,avenged.photos,available,8.98,40.98,high,low,7,namecheap,,,07/08/2026 22:35
a6b3857b-1c48-4b3f-8b90-80fd83e5a439,aft.photos,available,8.98,40.98,high,low,3,namecheap,,,
f55f5fb9-3c88-4760-84e7-f1a45c37dff0,monied.photos,available,8.98,40.98,medium,low,6,namecheap,,,25/08/2026 04:39
cb9de783-0956-42f0-b09b-53963741dc77,parochial.photos,available,8.98,40.98,medium,low,9,namecheap,,,08/09/2026 01:46
34ff8e0d-87ea-4aad-8b22-951d1e2958e1,artichoke.photos,available,15.99,29.99,high,low,9,namesilo,,,20/09/2026 11:12
94196121-4bfa-4f68-968e-27fb80e3f3e0,barreled.photos,available,8.98,40.98,medium,low,8,namecheap,,,08/08/2026 20:46
a06dd96a-b9ca-465c-8043-01434cf82b17,violence.photos,available,8.98,40.98,high,low,8,namecheap,,,27/09/2026 03:55
510bb2a3-1370-4e68-9806-41412838bc4c,adamson.photos,available,23.2,23.2,medium,low,7,cloudflare,,,28/09/2026 17:25
34d7cf0c-4d13-40eb-b07f-91cbd53ab063,lichtenstein.photos,available,8.24,24.2,medium,low,12,porkbun,,,30/09/2026 13:33
14e486f3-cc05-4395-bd21-96822508bd29,incumbent.photos,available,8.98,40.98,high,low,9,namecheap,,,22/08/2026 02:03
a2a2a0db-526d-4e37-a657-965c5d0bd1d4,unworldly.photos,available,8.98,40.98,medium,low,9,namecheap,,,12/09/2026 20:18
91fec839-7bb8-440b-907b-dcc34f7e6af2,chihuahua.photos,available,15.99,29.99,high,low,9,namesilo,,,24/09/2026 14:33
f5515e24-542d-4e78-bc53-453975d5f220,sympathetic.photos,available,14.99,,high,low,11,name.com,,,
2d414859-a6c6-4446-9838-a284934663fe,cucumber.photos,available,8.24,24.83,high,low,8,dynadot,,,29/09/2026 12:58
344b14b7-52c9-46ca-8ea7-8664f4ea52dc,negotiated.photos,available,7.96,24.01,medium,low,10,spaceship,,,29/09/2026 23:38
46272995-a501-413d-a7e2-a17e08d2d28b,income.photos,available,7.96,24.01,high,low,6,spaceship,,,29/09/2026 23:55
955a1b50-b2e1-4e9d-9e8a-9059882aaa4e,antiracist.photos,available,14.99,,high,low,11,name.com,,,
e53124c6-b4b3-48d1-92fc-6fb5c366be1c,whirring.photos,available,8.98,40.98,medium,low,8,namecheap,,,13/09/2026 11:28
80e27cbb-ed43-4168-8b0b-06bc25aa7204,catching.photos,available,8.98,40.98,high,low,8,namecheap,,,11/08/2026 21:16
392697f1-8c94-4e4b-92d5-12fe47a4e601,unimportant.photos,available,14.99,,medium,low,11,name.com,,,
04f3614f-b0e0-459b-ba17-f205e740490b,pedestal.photos,available,23.2,23.2,high,low,8,cloudflare,,,29/09/2026 12:23
11e023de-c556-47f2-a648-483936cf4d75,scott.photos,resell,,,high,medium,5,"NameCheap, Inc.",12/04/2017 13:58,12/04/2027 13:58,26/09/2026 08:51
cc7e4187-b65d-4c69-8752-7f283b8cba56,dates.photos,available,15.99,29.99,high,low,5,namesilo,,,18/09/2026 18:40
8cdcdf9a-d8ff-4306-9e6d-e6be9338f1ef,artful.photos,available,8.98,40.98,high,low,6,namecheap,,,06/08/2026 22:44
672ba1c7-2917-4e65-8ab2-dbdb75b53708,conga.photos,available,15.99,29.99,high,low,5,namesilo,,,24/09/2026 17:17
72c04f76-46e9-4a3a-bd51-c9b17e228980,staccato.photos,available,8.98,40.98,high,low,8,namecheap,,,14/08/2026 09:57
3edbd8f9-4ea4-49a7-9719-65e11dc7545a,gambler.photos,available,15.99,29.99,high,low,7,namesilo,,,29/09/2026 01:03
967a4107-7e8b-44e7-bc14-f1d99d8b46d2,glances.photos,available,15.99,29.99,medium,low,7,namesilo,,,18/09/2026 02:11
38577ec8-eee1-4de3-b664-63d63ad2c6cd,sides.photos,available,15.99,29.99,medium,low,5,namesilo,,,17/09/2026 23:26
2744d272-10f8-40f0-bd41-1a9b78f384ee,maurer.photos,available,23.2,23.2,medium,low,6,cloudflare,,,30/09/2026 07:54
039b85cc-682a-41c4-89b8-38d794882283,squeaking.photos,available,8.98,40.98,medium,low,9,namecheap,,,10/09/2026 00:03
233a20de-b2cc-45af-8d38-44a0d2021a47,clout.photos,available,15.99,29.99,high,low,5,namesilo,,,23/09/2026 13:48
e35ca9e8-1d4e-4c9e-96c5-3c17094d031c,sixfold.photos,available,8.98,40.98,medium,low,7,namecheap,,,10/09/2026 05:21
183a9f72-e52d-4ca0-b10e-8f2a6787690a,anymore.photos,available,15,,medium,low,7,unstoppable,,,28/09/2026 12:15
1ac7df82-7310-4bd1-8e91-0d0d6187caeb,cockup.photos,available,8.98,40.98,medium,low,6,namecheap,,,21/09/2026 23:29
a84aa66f-bcd1-4e8c-bd50-3f127eccd061,dorothea.photos,available,8.98,40.98,medium,low,8,namecheap,,,28/09/2026 07:54
838242f3-1c24-40be-9068-1a59fe09da02,priority.photos,available,15.99,29.99,high,low,8,namesilo,,,19/09/2026 12:40
55c5322e-36ca-4f75-b7ea-965a06a51ccc,accommodation.photos,available,15,,high,low,13,unstoppable,,,29/09/2026 10:10
ecb6b4e5-a909-40e1-b37c-ccd03307e027,apropos.photos,available,,,high,low,7,,,,
bdcddf8b-cbe2-4aca-ab42-0b0e9ff59384,mature.photos,available,8.98,40.98,high,low,6,namecheap,,,24/09/2026 19:39
1757014d-ce89-49ae-a698-401282330714,epicure.photos,available,8.98,40.98,high,low,7,namecheap,,,17/08/2026 10:42
70f60ee8-ce15-4325-ac23-7d447925d27f,brainsick.photos,available,8.98,40.98,low,low,9,namecheap,,,11/08/2026 01:45
e538035c-aed4-40fd-86d5-300751f4dbdf,hat.photos,premium,26,26,high,low,3,namecheap,,,19/09/2026 16:21
6b856e23-52b7-4a0c-b704-1daa64be01c5,decided.photos,available,8.98,40.98,high,low,7,namecheap,,,13/08/2026 21:20
d3470c3b-b70b-47cd-ace7-014dd0742fd4,disability.photos,available,15.99,29.99,high,low,10,namesilo,,,24/09/2026 22:26
43a6af30-db69-491f-8a87-5780d36964cd,airmailer.photos,available,15.99,29.99,medium,low,9,namesilo,,,17/09/2026 23:15
8cabc4ae-2472-4c18-a501-b590ac2f9642,thank.photos,available,15,,high,low,5,unstoppable,,,30/09/2026 20:04
bbc1f870-ae71-4fcd-9436-ad1201c2cc84,gallatin.photos,available,15.99,29.99,medium,low,8,namesilo,,,28/09/2026 22:22
ee5d19f7-7667-42d9-8896-13946ef68b45,strategic.photos,available,15.99,29.99,high,low,9,namesilo,,,28/09/2026 01:36
9ed0bd63-c725-4374-855d-427bb9654ee4,actinia.photos,available,15.99,29.99,medium,low,7,namesilo,,,17/09/2026 04:43
a679db82-7f22-4dd0-b9e7-69f283993057,fascination.photos,available,8.24,24.83,high,low,11,dynadot,,,29/09/2026 16:24
275d37ca-e79e-4f88-928e-c01f6a95e383,cloudburst.photos,available,15.99,29.99,medium,low,10,namesilo,,,24/09/2026 16:03
5383f763-38a2-409d-a71a-25bdc5fd384c,comedians.photos,available,8.98,40.98,medium,low,9,namecheap,,,19/09/2026 23:33
e143a81b-3552-451a-b174-ffc11fdf055d,grounds.photos,available,8.98,40.98,high,low,7,namecheap,,,24/09/2026 20:34
0058e967-d047-4b64-8749-c24a9d692e58,numeral.photos,available,8.98,40.98,high,low,7,namecheap,,,03/09/2026 22:50
d84dfb1e-caa0-4445-8634-11dbd8f1b726,fugly.photos,available,8.98,40.98,medium,low,5,namecheap,,,18/08/2026 17:49
b53b65d5-0888-4d5e-93f8-9b6f2416102d,bounden.photos,available,8.98,40.98,medium,low,7,namecheap,,,10/08/2026 21:56
4c8e2161-e3a5-42ba-95bb-1544f6a58b5d,boycott.photos,available,15.99,29.99,medium,low,7,namesilo,,,24/09/2026 07:48
668d3346-8542-47b5-9c06-afb36844cc0e,mohammad.photos,available,15.99,29.99,high,low,8,namesilo,,,28/09/2026 06:19
74729457-5653-4479-a0c5-a2116bdaba61,halt.photos,available,15.99,29.99,high,low,4,namesilo,,,24/09/2026 01:49
9b3591bd-9075-4cb4-9082-8d75c9a0bda0,miocene.photos,available,15.99,29.99,high,low,7,namesilo,,,25/09/2026 23:43
1dc10d88-ee5a-49b2-a017-fedf4cdad3ea,doze.photos,available,15.99,29.99,high,low,4,namesilo,,,24/09/2026 23:43
7cc6564d-a1f6-4415-a39d-4834ce0df95f,idiomatic.photos,available,8.98,40.98,high,low,9,namecheap,,,21/08/2026 18:07
67e8d82f-31db-4559-a92f-a736b8e028ba,squeeze.photos,available,8.98,40.98,high,low,7,namecheap,,,20/08/2026 22:27
c83dff68-eebe-4629-8609-784ab166ec4a,bellyful.photos,available,15.99,29.99,medium,low,8,namesilo,,,23/09/2026 06:51
c505d839-594b-4c99-b5da-bad657eb2d6e,germicide.photos,available,8.98,40.98,medium,low,9,namecheap,,,
f62d3968-ba0a-4b0e-87e0-ec63022086c3,collection.photos,premium,99.5,118.8,high,low,10,unstoppable,,,28/09/2026 20:22
96a25b09-2afc-4b8c-a1bd-f5aea4ed4b3b,detached.photos,available,15.99,29.99,medium,low,8,namesilo,,,24/09/2026 07:07
5b059515-8d4f-4984-9832-71d00672a3a8,marathi.photos,available,7.96,24.01,medium,low,7,spaceship,,,29/09/2026 19:35
4f5710d5-eea3-41c9-a0d4-bf4e7d51ed18,heavyweight.photos,available,23.2,23.2,high,low,11,cloudflare,,,29/09/2026 03:05
238a46c8-38ea-4be3-85cd-ec391cf50d2b,braveness.photos,available,14.99,35.99,high,low,9,name.com,,,24/09/2026 08:20
0377f71d-7149-44a1-820c-5eb0fbf284b1,humoring.photos,available,8.98,40.98,medium,low,8,namecheap,,,05/09/2026 00:31
86d5d973-902e-44e7-be35-447203a5b20a,tragedy.photos,available,15.99,29.99,medium,low,7,namesilo,,,24/09/2026 11:39
f80ea442-80f7-49bb-b42f-0d169c65d081,dickhead.photos,available,8.98,40.98,medium,low,8,namecheap,,,08/08/2026 23:34
3ede3a6c-e8e5-4a85-8a38-6070e2b8c2f9,ambivalence.photos,available,14.99,,high,low,11,name.com,,,
74dcc10e-af51-49e8-88d9-d75d5ef36b8d,tahiti.photos,available,23.2,23.2,high,low,6,cloudflare,,,29/09/2026 20:28
4a2963e2-ee6c-46b4-b391-37afb0493576,revenues.photos,available,23.2,23.2,medium,low,8,cloudflare,,,30/09/2026 21:10
11de392a-3ee7-4880-af74-ccfe8b96fad3,healthily.photos,available,8.98,40.98,medium,low,9,namecheap,,,14/09/2026 23:15
68743a77-6b88-4926-ab44-b6e32fede664,shellfish.photos,available,8.98,40.98,high,low,9,namecheap,,,30/09/2026 18:03
4ad503fc-6292-494e-807c-cff6f147040e,lucinda.photos,available,7.96,24.01,medium,low,7,spaceship,,,29/09/2026 15:29
f2f484d4-64be-4687-bd09-495138cbf6f6,mantrap.photos,available,8.98,40.98,medium,low,7,namecheap,,,22/08/2026 16:50
ab042897-291a-4226-9908-948ca881862a,appearing.photos,available,8.98,40.98,high,low,9,namecheap,,,19/09/2026 20:25
1883c3af-0010-4fc5-9709-271ef53bd5ac,adventive.photos,available,8.98,40.98,medium,low,9,namecheap,,,
a40bd181-8742-4102-a6cc-2319d4f5db7c,amenity.photos,available,8.98,40.98,high,low,7,namecheap,,,17/09/2026 19:17
57c91d90-bbd3-46d6-be48-213fd3b043e6,inept.photos,available,8.98,40.98,medium,low,5,namecheap,,,21/08/2026 18:53
c2337095-3faf-4b06-b675-4121a012f9a6,nihilistic.photos,available,8.98,40.98,medium,low,10,namecheap,,,03/09/2026 17:24
9d44f146-d4ed-4e17-ba7f-73d6ec5b8e54,informing.photos,available,15,,high,low,9,unstoppable,,,30/09/2026 00:09
f4d474b8-d815-486f-94b9-db5747ed73a5,foodless.photos,available,8.98,40.98,medium,low,8,namecheap,,,18/08/2026 10:26
e2ac5f28-2c93-422b-8784-d88882bb5a70,features.photos,available,23.2,23.2,medium,low,8,cloudflare,,,28/09/2026 12:52
69a7b813-acf8-4984-a529-5486ff0194cf,six.photos,premium,23.6,23.6,high,low,3,namesilo,,,21/09/2026 13:17
a60c1b4e-1fe4-458b-b0e7-cde14e72d9df,chickenpox.photos,available,15.99,29.99,medium,low,10,namesilo,,,24/09/2026 14:28
e85bd272-9c37-44f9-961c-3e7113de8a60,truculent.photos,available,8.98,40.98,medium,low,9,namecheap,,,11/09/2026 20:29
714f9761-2488-47df-85a5-b6d293b72a57,referee.photos,available,8.24,24.2,high,low,7,porkbun,,,28/09/2026 10:49
02e87d41-afb6-4861-b988-b628b89b18a2,blaeberry.photos,available,15.99,29.99,medium,low,9,namesilo,,,23/09/2026 15:39
77d6cba5-abd5-413e-82d3-dfe8aab3b25c,philistine.photos,available,8.98,40.98,medium,low,10,namecheap,,,
73362600-fcf0-4daf-9fa6-089f3b4c10a3,agua.photos,available,8.98,40.98,high,low,4,namecheap,,,17/09/2026 20:04
275b7d15-ad73-4a32-bef9-ee8abb8637d6,skyway.photos,available,15.99,29.99,high,low,6,namesilo,,,17/09/2026 22:32
3edc1962-f923-4f99-8208-731c767eb640,thuringia.photos,available,8.24,24.2,medium,low,9,porkbun,,,30/09/2026 03:01
b88e9524-c77e-4735-bd77-139577e436a9,completing.photos,available,8.98,40.98,high,low,10,namecheap,,,23/09/2026 17:20
30c80f3e-fda2-498d-b989-b4a127d91709,gaa.photos,available,7.96,24.01,high,low,3,spaceship,,,29/09/2026 08:40
a2c983d3-60e4-4de9-b67b-ff1856baf259,monuments.photos,available,15.99,29.99,medium,low,9,namesilo,,,30/09/2026 15:18
bb8ed6dd-8740-4e6c-9d0c-6c06b224fa74,deft.photos,available,8.98,40.98,high,low,4,namecheap,,,13/08/2026 23:50
3ff25436-e02c-4c3b-aeb2-74618e97994a,swimming.photos,resell,,,high,low,8,"GoDaddy.com, LLC",03/06/2019 01:10,03/06/2027 01:10,26/09/2026 09:28
e0d3d513-50f2-48f3-8f8a-ce85fae7cf01,defeats.photos,available,23.2,23.2,low,low,7,cloudflare,,,30/09/2026 15:35
42d0931e-8a95-47f7-b2b9-d988a51fdb24,alpinism.photos,available,8.98,40.98,medium,low,8,namecheap,,,18/09/2026 14:05
c6e2d811-4161-485f-b027-b27898af3c4a,batwing.photos,available,8.98,40.98,medium,low,7,namecheap,,,09/08/2026 01:49
ca7f9268-c9fb-4e28-b82e-57899f8a7d02,windsock.photos,available,8.98,40.98,medium,low,8,namecheap,,,17/09/2026 21:40
17e1cf73-ba71-425e-8bc9-1d805e9dfdf9,slash.photos,available,8.98,40.98,high,low,5,namecheap,,,29/09/2026 07:02
71cc1fc5-e75d-43c6-ba4e-b9149862043f,igneous.photos,available,8.98,40.98,medium,low,7,namecheap,,,21/08/2026 18:16
2844f34a-4e44-4af3-8cca-d52c72e1411b,bubbling.photos,available,8.98,40.98,high,low,8,namecheap,,,11/08/2026 07:15
57f54b95-a157-49c6-b4fd-17d404e7cf8a,tenured.photos,available,8.98,40.98,medium,low,7,namecheap,,,11/09/2026 11:43
1f99db62-9273-4c83-ab90-b445ba5db4aa,presence.photos,available,8.98,40.98,high,low,8,namecheap,,,24/09/2026 16:52
88cc03ef-5b75-476c-b9b4-3cb82d4f1c0e,acrosome.photos,available,15.99,29.99,medium,low,8,namesilo,,,17/09/2026 03:58
5e415ec4-dd05-4f6a-b714-000c901621a8,dreamily.photos,available,8.98,40.98,high,low,8,namecheap,,,14/09/2026 14:15
1d0ed505-6a92-4cce-8df0-0079e2d850f6,censor.photos,available,15.99,29.99,high,low,6,namesilo,,,22/09/2026 00:43
ff31e352-7940-40b3-a806-b8afce7b5d94,urgency.photos,available,7.96,24.01,high,low,7,spaceship,,,29/09/2026 19:17
51275f99-8efe-4f3f-8234-be9fc3e88b1f,cathectic.photos,available,8.98,40.98,medium,low,9,namecheap,,,11/08/2026 21:45
e2df3f1b-4df1-4aee-905f-3c0397765d4e,humid.photos,available,8.98,40.98,high,low,5,namecheap,,,21/08/2026 15:17
92a5ce94-3439-4269-9233-a7fd39613f41,leaves.photos,available,8.98,40.98,high,low,6,namecheap,,,08/09/2026 09:50
a1552a5c-4568-47e6-84f4-98fade26875f,josephine.photos,premium,20.9,20.9,high,low,9,spaceship,,,28/09/2026 12:04
b6a4ca27-bebb-4852-a1ac-a8266d4d8c6c,bedroom.photos,premium,128.7,128.7,high,low,7,namecheap,,,22/09/2026 23:08
b3bf3b26-ab6e-44ec-8852-b855e24fbcbb,donor.photos,available,15.99,29.99,high,low,5,namesilo,,,23/09/2026 10:42
89e736ea-d602-4ef2-b68d-42b6fc3e7640,defining.photos,available,8.98,40.98,high,low,8,namecheap,,,10/09/2026 06:00
45683bd9-cb92-45a3-ba5e-95799a68acdc,dickson.photos,available,15.99,29.99,high,low,7,namesilo,,,25/09/2026 15:42
e031464a-1fc2-4fb2-b8de-01b646947ae4,pummel.photos,available,15.99,29.99,medium,low,6,namesilo,,,23/09/2026 13:52
2a5baf15-0abd-4e35-af3b-6e5aa3bb1c06,pre.photos,available,14.99,,high,low,3,name.com,,,
ef5996fb-892b-4608-95b9-3122baad3930,jadestone.photos,available,8.98,40.98,medium,low,9,namecheap,,,22/08/2026 11:54
11ba45f6-b656-46ed-84c4-0d921a8bf3fc,batis.photos,available,15.99,29.99,medium,low,5,namesilo,,,22/09/2026 14:03
84d20fce-36b7-4ee0-bc13-05e324ff1b4e,jeannie.photos,available,7.96,24.01,medium,low,7,spaceship,,,30/09/2026 21:23
87b76d51-eaed-4e15-bfbf-07a752b17d81,fecund.photos,available,8.98,40.98,medium,low,6,namecheap,,,18/08/2026 00:34
e666378d-1b3f-492a-8c87-3373bd519a3c,lapse.photos,available,15.99,29.99,high,low,5,namesilo,,,27/09/2026 14:20
f697b5cc-ed40-4c05-a9c6-bbcd8c26276b,abydos.photos,available,8.98,40.98,medium,low,6,namecheap,,,16/09/2026 19:41
4a43c06a-1c12-485f-801b-3c5a2feede0c,pleasantly.photos,available,8.98,40.98,high,low,10,namecheap,,,13/09/2026 18:20
c0ecf8a8-9e78-4e83-a144-2dbd2d47e309,gullible.photos,available,8.98,40.98,medium,low,8,namecheap,,,18/08/2026 07:40
ae6e1be6-62fb-48f2-93cf-e5552f50df00,invalidate.photos,available,8.98,40.98,high,low,10,namecheap,,,13/09/2026 06:37
fafd4969-1e5d-4948-9938-8ed59119aba3,endogamic.photos,available,8.98,40.98,medium,low,9,namecheap,,,17/08/2026 01:11
aafbaa2e-f7f8-41a1-bb2c-79815ddad9f4,phlegmatic.photos,available,8.98,40.98,medium,low,10,namecheap,,,08/09/2026 18:53
198aaf82-601f-4ae0-8023-c8c8fb4ab7f6,girth.photos,available,23.2,23.2,high,low,5,cloudflare,,,29/09/2026 09:10
0c1aeecd-71a4-44c8-a0ab-48a5f1e632ee,participate.photos,available,15.99,29.99,high,low,11,namesilo,,,28/09/2026 07:01
dced5729-bb8a-4dd4-b088-c30ffec12801,gossipy.photos,available,8.98,40.98,medium,low,7,namecheap,,,20/08/2026 17:09
98f045af-a7e2-4c2f-bc01-d32e8cead41d,unintended.photos,available,8.98,40.98,medium,low,10,namecheap,,,12/09/2026 13:30
166bd6e4-ed40-4e65-a7f8-3c2efcfce581,ultimate.photos,available,8.98,40.98,high,low,8,namecheap,,,11/09/2026 22:50
c3101474-1c1c-49c2-af3d-ebf4a4f0647f,tornado.photos,available,8.98,40.98,high,low,7,namecheap,,,29/09/2026 11:57
8a424999-8c96-41b9-ba94-cc0bb32bd52c,arteria.photos,available,15.99,29.99,high,low,7,namesilo,,,20/09/2026 10:30